﻿Question,Equation,Question2,Equation2,Numbers,Names,answer,comment
"9로 나누어도 4가 남고, 15로 나누어도 4가 남는 어떤 수가 있습니다. 어떤 수 중에서 가장 작은 수를 구하시오.","min( [ i + 4 for i in range( 15 , 15 * 9 + 1 ) if i % 15 == 0 and i % 9 == 0 ] )","number0로 나누어도 number1가 남고, number2로 나누어도 number3가 남는 어떤 수가 있습니다. 어떤 수 중에서 가장 작은 수를 구하시오.","min( [ i + number3 for i in range( number2 , number2 * number0 + 1 ) if i % number2 == 0 and i % number0 == 0 ] )",9 4 15 4 ,,49,1(range)
파이 한 개를 만드는 데 밀가루가 200g필요합니다. 밀가루 2.4kg으로는 똑같은 파이를 몇 개 만들 수 있습니까?,( 2.4 * 1000 ) / 200,파이 number0개를 만드는 데 밀가루가 number1g필요합니다. 밀가루 number2kg으로는 똑같은 파이를 몇 개 만들 수 있습니까?,( number2 * 1000 ) / number1,1 200 2.4 ,,12,0
"굵기가 일정한 통나무를 한 번 자르는 데 4분이 걸린다고 합니다. 이 통나무를 8도막으로 자르는 데 걸리는 시간은 몇 분입니까? (단, 쉬는 시간은 생각하지 않습니다.)",4 * 8,"굵기가 일정number0통나name0를 한 번 자르는 데 number1분이 걸린다고 합니다. 이 통나name1를 number2도막으로 자르는 데 걸리는 시간은 몇 분입니까? (단, 쉬는 시간은 생각하지 않습니다.)",number1 * number2,1 4 8 ,무 ,32,0
한 변의 길이가 7m인 정오각형 모양의 울타리가 있습니다. 이 울타리의 둘레는 몇 m입니까?,7 * 5,한 변의 길이가 number0m인 정오각형 모양의 울타리가 있습니다. 이 울타리의 number1레는 몇 m입니까?,number0 * 5,7 2 ,,35,0
학생 57명에게 귤을 1개씩 나누어 주려고 합니다. 과일 가게에서 귤을 10개씩 묶음으로 판다면 최소 몇 개를 사야 합니까?,math.ceil( 57 / 10 ),학생 number0명에게 name0을 number1개씩 나누어 주려고 합니다. 과일 가게에서 name1을 number2개씩 묶음으로 판다면 최소 몇 개를 사야 합니까?,math.ceil( number0 / number2 ),57 1 10 ,귤 ,6,0
1년 동안 어느 축구장에 입장한 관람객의 수가 11683명이라고 합니다. 입장한 관람객의 수를 반올림하여 천의 자리까지 나타내면 몇 명입니까?,round( 11683 / 1000 ) * 1000,number0년 동안 어느 축구장에 입장한 관람객의 수가 number1명이라고 합니다. 입장한 관람객의 수를 반올림하여 number2자리까지 나타내면 몇 명입니까?,round( number1 / number2 ) * number2,1 11683 100 ,,12000,0
8 초과 13 이하인 자연수를 모두 더하면 얼마인가?,"sum( [ x for x in range( 8 + 1 , 13 + 1 ) ] )",number0 초과 number1 이하인 자연수를 모두 더하면 얼마인가?,"sum( [ x for x in range( number0 + 1 , number1 + 1 ) ] )",8 13 ,,55,1(range)
8 이상 13 이하인 자연수를 모두 더하면 얼마인가?,"sum( [ x for x in range( 8 , 13 + 1 ) ] )",number0 이상 number1 이하인 자연수를 모두 더하면 얼마인가?,"sum( [ x for x in range( number0 , number1 + 1 ) ] )",8 13 ,,63,1(range)
8 초과 13 미만인 자연수를 모두 더하면 얼마인가?,"sum( [ x for x in range( 8 + 1 , 13 ) ] )",number0 초과 number1 미만인 자연수를 모두 더하면 얼마인가?,"sum( [ x for x in range( number0 + 1 , number1 ) ] )",8 13 ,,42,1(range)
8 이상 13 미만인 자연수를 모두 더하면 얼마인가?,"sum( [ x for x in range( 8 , 13 ) ] )",number0 이상 number1 미만인 자연수를 모두 더하면 얼마인가?,"sum( [ x for x in range( number0 , number1 ) ] )",8 13 ,,50,0
버림하여 십의 자리까지 나타내면 510이 되는 자연수 중에서 가장 큰 수와 가장 작은 수의 차를 구하시오.,"max( [ i for i in range( 510 , 510 + 10 ) ] ) - 510",버림하여 number0자리까지 나타내면 number1이 되는 자연수 중에서 가장 큰 수와 가장 작은 수의 차를 구하시오.,"max( [ i for i in range( number1 , number1 + number0 ) ] ) - number1",10 510 ,,9,1(십의 자리)
다음 수 'AB95'를 올림하여 십의 자리까지 나타내면 5000이 됩니다. A와 B의 합을 구하시오.,"[ i + j for i in range( 1 , 10 ) for j in range( 0 , 10 ) if math.ceil( ( 1000 * i + 100 * j + 95 ) / 10 ) * 10 == 5000 ] [0]",다음 수 'name0name1number0'를 올림하여 number1자리까지 나타내면 number2이 됩니다. name2와 name3의 합을 구하시오.,"[ i + j for i in range( 1 , number1 ) for j in range( 0 , number1 ) if math.ceil( ( 1000 * i + 100 * j + number0 ) / number1 ) * number1 == number2 ] [0]",95 10 5000 ,A B ,13,"1(십의 자리, 각 자리수, [0], 어려운 문제)"
"자연수 A가 있습니다. '7 * 2.3 < A < 0.9 * 24'일 때, 가능한 A의 개수를 구하시오.","len( [ i for i in range( math.floor( 7 * 2.3 ) , math.ceil( 0.9 * 24 ) ) ] )","자연수 name0가 있습니다. 'number0 * number1 < name1 < number2 * number3'일 때, 가능한 name2의 개수를 구하시오.","len( [ i for i in range( math.floor( number0 * number1 ) , math.ceil( number2 * number3 ) ) ] )",7 2.3 0.9 24 ,A ,6,0
그림과 같이 한 장의 길이가 2.6cm인 색 테이프 10장을 0.8cm씩 겹쳐지도록 한 줄로 길게 이어 붙였습니다. 이어 붙인 색 테이프의 전체 길이는 몇 cm입니까?,2.6 * 10 - 0.8 * ( 10 - 1 ),그림과 같이 한 장의 길이가 number0cm인 색 테이프 number1장을 number2cm씩 겹쳐지도록 한 줄로 길게 이어 붙였습니다. 이어 붙인 색 테이프의 전체 길이는 몇 cm입니까?,number0 * number1 - number2 * ( number1 - 1 ),2.6 10 0.8 ,,18.80,1(겹치는 부분은 -1)
책을 지민이는 3시간 동안 54쪽 읽었고 유나는 7시간 동안 119쪽 읽었습니다. 한 시간 동안 읽은 쪽수의 평균이 더 많은 사람은 누구입니까?,'지민' if 54 / 3 > 119 / 7 else '유나',책을 name0이는 number0시간 동안 number1쪽 읽었고 name1는 number2시간 동안 number3쪽 읽었습니다. 한 시간 동안 읽은 쪽수의 평균이 더 많은 사람은 누구입니까?,'name1' if number1 / number0 > number3 / number2 else 'name0',3 54 7 119 ,유나 지민 ,지민,0
석진이네 양계장에서 닭들이 5일 동안 하루에 낳은 달걀 수의 평균이 59개일 때 5일 동안 낳은 달걀은 모두 몇 개입니까?,5 * 59,name0이네 양계장에서 닭들이 number0일 동안 하루에 낳은 name1 수의 평균이 number1개일 때 number2일 동안 낳은 name2은 모두 몇 개입니까?,number2 * number1,5 59 5 ,석진 달걀 ,295,0
"은지의 국어와 수학 두 과목의 점수의 평균은 92점이고, 사회 점수는 77점입니다. 세 과목의 점수의 평균은 몇 점입니까?",( 92 * 2 + 77 ) / 3,"name0의 name1와 name2 두 과목의 점수의 평균은 number0점이고, name3 점수는 number1점입니다. 세 과목의 점수의 평균은 몇 점입니까?",( number0 * 2 + number1 ) / 3,92 77 ,은지 국어 수학 사회 ,87,"1(두 과목, 세 과목)"
"어느 야구 팀은 4월에 103점, 5월에 98점, 6월에 106점 7월에 105점을 얻었습니다. 이 야구 팀이 4월부터 8월까지 얻은 점수의 평균이 4월부터 7월까지 얻은 점수의 평균보다 높으려면 8월에는 최소 몇 점을 얻어야 하는지 구하시오.(점수는 모두 자연수이다)",( 103 + 98 + 106 + 105 ) / 4 + 1,"어느 야구 팀은 number0월에 number1점, number2월에 number3점, number4월에 number5점 number6월에 number7점을 얻었습니다. 이 야구 팀이 number8월부터 number9월까지 얻은 점수의 평균이 number10월부터 number11월까지 얻은 점수의 평균보다 높으려면 number12월에는 최소 몇 점을 얻어야 하는지 구하시오.(점수는 모두 자연수이다)",( number1 + number3 + number5 + number7 ) / number10 + 1,4 103 5 98 6 106 7 105 4 8 4 7 8 ,,104,1(개월 수)
윤기네 가족이 제주도 여행을 가기 위해 필요한 돈은 240만 원입니다. 지금부터 매월 30만 원씩 여행에 필요한 돈을 모으기로 했다면 몇 개월이 걸립니까?,240 / 30,name0네 가족이 제주도 여행을 가기 위해 필요한 돈은 number0만 원입니다. 지금부터 매월 number1만 원씩 여행에 필요한 돈을 모으기로 했다면 몇 개월이 걸립니까?,number0 / number1,240 30 ,윤기 ,8,0
어떤 자연수를 72로 나눌 때 나머지가 될 수 있는 수 중에서 가장 큰 수는 얼마입니까?,72 - 1,어떤 자연수를 number0로 나눌 때 나머지가 될 수 있는 수 중에서 가장 큰 수는 얼마입니까?,number0 - 1,72 ,,71,1(최대 나머지)
돼지 저금통을 열어 보니 500원짜리 동전 30개와 50원짜리 동전 114개가 나왔습니다. 저금통에 들어 있는 돈은 모두 얼마입니까?,500 * 30 + 50 * 114,돼지 저금통을 number0어 보니 number1원짜리 동전 number2개와 number3원짜리 동전 number4개가 나왔습니다. 저금통에 들어 있는 돈은 모두 얼마입니까?,number1 * number2 + number3 * number4,10 500 30 50 114 ,,20700,0
식 'A÷18=21···9'에서 A에 해당하는 숫자를 쓰시오.,18 * 21 + 9,식 'name0÷number0=number1···number2'에서 name1에 해당하는 숫자를 쓰시오.,number0 * number1 + number2,18 21 9 ,A ,387,0
A를 16과 곱한 결과가 560보다 작습니다. 조건을 만족하는 자연수 A 중 가장 큰 수를 구하시오.,560 / 16 - 1 if math.floor( 560 / 16 ) == 560 / 16 else math.floor( 560 / 16 ),name0를 number0과 곱한 결과가 number1보다 작습니다. 조건을 만족하는 자연수 name1 중 가장 큰 수를 구하시오.,number1 / number0 - 1 if math.floor( number1 / number0 ) == number1 / number0 else math.floor( number1 / number0 ),16 560 ,A ,34,1(자연수 맞추기 위한 -1)
민영이네 반 학생은 한 모둠에 4명씩 5모둠입니다. 연필 32타를 민영이네 반 학생에게 똑같이 나누어 주려고 했더니 몇 자루가 모자랐습니다. 남는 연필 없이 똑같이 나누어 주려면 연필은 적어도 몇 자루가 더 필요합니까?,( 4 * 5 ) * math.ceil( 32 * 12 / ( 4 * 5 ) ) - 32 * 12,name0이네 반 학생은 한 모둠에 number0명씩 number1모둠입니다. 연필 number2타를 name1이네 반 학생에게 똑같이 나누어 주려고 했더니 몇 자루가 모자랐습니다. 남는 연필 없이 똑같이 나누어 주려면 연필은 적어도 몇 자루가 더 필요합니까?,( number0 * number1 ) * math.ceil( number2 * 12 / ( number0 * number1 ) ) - number2 * 12,4 5 32 ,민영 ,16,1(연필 한 타=12자루)
"5장의 수 카드 1, 3, 4, 7, 8을 한 번씩만 사용하여 곱이 가장 큰 (세 자리 수)*(두 자리 수)를 만들어 계산한 결과는 얼마입니까?","max( [ ( 100 * i[0] + 10 * i[1] + i[2] ) * ( 10 * i[3] + i[4] ) for i in list( itertools.permutations( [ 1 , 3 , 4 , 7 , 8 ] , len( [ 1 , 3 , 4 , 7 , 8 ] ) ) ) ] )","number0장의 수 카드 number1, number2, number3, number4, number5을 한 번씩만 사용하여 곱이 가장 큰 (number6자리 수)*(number7자리 수)를 만들어 계산한 결과는 얼마입니까?","max( [ ( 100 * i[0] + 10 * i[1] + i[2] ) * ( 10 * i[3] + i[4] ) for i in list( itertools.permutations( [ number1 , number6 , number3 , number4 , number5 ] , len( [ number1 , number6 , number3 , number4 , number5 ] ) ) ) ] )",5 1 3 4 7 8 3 2 ,,61503,1(자리 수)
376에 어떤 수를 곱해야 하는데 잘못하여 376을 어떤 수로 나누었더니 몫이 8로 나누어떨어졌습니다. 바르게 계산하면 얼마입니까?,( 376 / 8 ) * 376,number0에 어떤 수를 곱해야 하는데 잘못하여 number1을 어떤 수로 나누었더니 몫이 number2로 나누어떨어졌습니다. 바르게 계산하면 얼마입니까?,( number1 / number2 ) * number1,376 376 8 ,,17672,0
"은지는 9.0개의 조개를 발견했습니다. 정국이는 7.0개의 조개를 찾았고, 추가로 5.0개를 발견했습니다. 총 몇개의 조개를 발견 했습니까?",9.0 + 7.0 + 5.0,"name0는 number0개의 조개를 발견했습니다. name1이는 number1개의 조개를 찾았고, 추가로 number2개를 발견했습니다. 총 몇개의 조개를 발견 했습니까?",number0 + number1 + number2,9.0 7.0 5.0 ,정국 은지 ,21,0
"4개의 소수 1.4, 0.9, 0.7, 1.6이 있습니다. 가장 큰 수와 가장 작은 수의 차를 구하시오.","max( 1.4 , 0.9 , 0.7 , 1.6 ) - min( 1.4 , 0.9 , 0.7 , 1.6 )","number0개의 소수 number1, number2, number3, number4이 있습니다. 가장 큰 수와 가장 작은 수의 차를 구하시오.","max( number1 , number2 , number3 , number4 ) - min( number1 , number2 , number3 , number4 )",4 1.4 0.9 0.7 1.6 ,,0.90,0
"끈이 4m 있습니다. 그중에서 1.57m로 상자를 포장했고, 0.92m로 책을 묶었습니다. 사용하고 남은 끈은 몇 m입니까",4 - 1.57 - 0.92,"끈이 number0m 있습니다. 그중에서 number1m로 상자를 포장했고, number2m로 책을 묶었습니다. 사용하고 남은 끈은 몇 m입니까",number0 - number1 - number2,4 1.57 0.92 ,,1.51,0
"연경이는 물을 1.4L 사용했습니다. 선주는 연경이보다 물을 0.63L 더 적게 사용했고, 현태는 선주보다 0.18L 더 많이 사용했습니다. 현태가 사용한 물은 몇 L인지 풀이 과정을 쓰고 답을 구하시오.",1.4 - 0.63 + 0.18,"연경이는 물을 number0name0 사용했습니다. 선주는 연경이보다 물을 number1name1 더 적게 사용했고, 현태는 선주보다 number2name2 더 많이 사용했습니다. 현태가 사용한 물은 몇 name3인지 풀이 과정을 쓰고 답을 구하시오.",number0 - number1 + number2,1.4 0.63 0.18 ,L ,0.95,0
어떤 수에 0.01을 곱한 수는  0.001이 37개인 수입니다. 어떤 수의 10배는 얼마입니까?,( ( 0.001 * 37 ) / 0.01 ) * 10,어떤 수에 number0을 곱한 수는  number1이 number2개인 수입니다. 어떤 수의 number3name0는 얼마입니까?,( ( number1 * number2 ) / number0 ) * number3,0.01 0.001 37 10 ,배 배 ,37,0
7.8에서 어떤 수를 빼야 할 것을 잘못하여 더했더니 9가 되었습니다. 바르게 계산하면 얼마입니까?,7.8 - ( 9 - 7.8 ),number0에서 어떤 수를 빼야 할 것을 잘못하여 더했더니 number1가 되었습니다. 바르게 계산하면 얼마입니까?,number0 - ( number1 - number0 ),7.8 9 ,,6.60,0
"수 카드 1, 4, 8이 있습니다. 카드를 한 번씩 모두 사용하여 소수 두 자리 수를 만들려고 할 때 만들 수 있는 가장 큰 수와 가장 작은 수의 합을 구하시오.","[ i[0] + 0.1 * i[1] + 0.01 * i[2] for i in [ sorted( [ 1 , 4 , 8 ] , reverse = True ) ] ] [0] + [ i[0] + 0.1 * i[1] + 0.01 * i[2] for i in [ sorted( [ 1 , 4 , 8 ] ) ] ] [0]","수 카드 number0, number1, number2이 있습니다. 카드를 한 번씩 모두 사용하여 소수 number3자리 수를 만들려고 할 때 만들 수 있는 가장 큰 수와 가장 작은 수의 합을 구하시오.","[ i[0] + 0.1 * i[1] + 0.01 * i[2] for i in [ sorted( [ number0 , number1 , number2 ] , reverse = True ) ] ] [0] + [ i[0] + 0.1 * i[1] + 0.01 * i[2] for i in [ sorted( [ number0 , number1 , number2 ] ) ] ] [0]",1 4 8 2 ,,9.89,"1(소수 두 자리 수, [0], 어려운 문제)"
"수 카드 3, 6, 9가 있습니다. 카드를 한 번씩 모두 사용하여 소수 두 자리 수를 만들려고 합니다. 만들 수 있는 가장 큰 수와 가장 작은 수의 차를 구하시오.","[ i[0] + 0.1 * i[1] + 0.01 * i[2] for i in [ sorted( [ 3 , 6 , 9 ] , reverse = True ) ] ] [0] - [ i[0] + 0.1 * i[1] + 0.01 * i[2] for i in [ sorted( [ 3 , 6 , 9 ] ) ] ] [0]","수 카드 number0, number1, number2가 있습니다. 카드를 한 번씩 모두 사용하여 소수 number3자리 수를 만들려고 합니다. 만들 수 있는 가장 큰 수와 가장 작은 수의 차를 구하시오.","[ i[0] + 0.1 * i[1] + 0.01 * i[2] for i in [ sorted( [ number0 , number1 , number2 ] , reverse = True ) ] ] [0] - [ i[0] + 0.1 * i[1] + 0.01 * i[2] for i in [ sorted( [ number0 , number1 , number2 ] ) ] ] [0]",3 6 9 2 ,,5.94,"1(소수 두 자리 수, [0], 어려운 문제)"
길이가 1.9m인 색 테이프 2장을 20cm 겹쳐서 한 줄로 길게 이어 붙였습니다. 이어 붙인 색 테이프의 전체 길이는 몇 m입니까?,1.9 * 2 - ( 20 / 100 ) * ( 2 - 1 ),길이가 number0m인 색 테이프 number1장을 number2cm 겹쳐서 한 줄로 길게 이어 붙였습니다. 이어 붙인 색 테이프의 전체 길이는 몇 m입니까?,number0 * number1 - ( number2 / 100 ) * ( number1 - 1 ),1.9 2 20 ,,3.60,1(겹쳐진 부분 -1)
길이가 1.9m인 색 테이프 2장을 1.5m 겹쳐서 한 줄로 길게 이어 붙였습니다. 이어 붙인 색 테이프의 전체 길이는 몇 m입니까?,1.9 * 2 - 1.5 * ( 2 - 1 ),길이가 number0m인 색 테이프 number1장을 number2m 겹쳐서 한 줄로 길게 이어 붙였습니다. 이어 붙인 색 테이프의 전체 길이는 몇 m입니까?,number0 * number1 - number2 * ( number1 - 1 ),1.9 2 1.5 ,,2.30,1(겹쳐진 부분 -1)
"4개의 수 176, 785, 167, 934가 있습니다. 그 중에서 가장 큰 수와 가장 작은 수의 합을 구하시오.","max( 176 , 785 , 167 , 934 ) + min( 176 , 785 , 167 , 934 )","number0개의 수 number1, number2, number3, number4가 있습니다. 그 중에서 가장 큰 수와 가장 작은 수의 합을 구하시오.","max( number1 , number2 , number3 , number4 ) + min( number1 , number2 , number3 , number4 )",4 176 785 167 934 ,,1101,0
길이가 6m인 끈 중에서 266cm를 사용했습니다.남은 끈은 몇 cm입니까?,( 6 * 100 ) - 266,길이가 number0m인 끈 중에서 number1cm를 사용했습니다.남은 끈은 몇 cm입니까?,( number0 * 100 ) - number1,6 266 ,,334,1(m->cm)
길이가 6m인 끈 중에서 266cm를 사용했습니다.남은 끈은 몇 m입니까?,6 - ( 266 / 100 ),길이가 number0m인 끈 중에서 number1cm를 사용했습니다.남은 끈은 몇 m입니까?,number0 - ( number1 / 100 ),6 266 ,,3.34,1(cm->m)
기차에 935명이 타고 있었습니다. 이번 역에서 358명이 내리고 476명이 새로 탔습니다. 지금 기차에 타고 있는 사람은 몇 명입니까?,935 - 358 + 476,name0에 number0명이 타고 있었습니다. 이번 역에서 number1명이 내리고 number2명이 새로 탔습니다. 지금 name1에 타고 있는 사람은 몇 명입니까?,number0 - number1 + number2,935 358 476 ,기차 ,1053,0
어떤 수에 268을 더해야 할 것을 잘못하여 뺐더니 554가 되었습니다. 바르게 계산하면 얼마입니까?,( 268 + 554 ) + 268,어떤 수에 number0을 더해야 할 것을 잘못하여 뺐더니 number1가 되었습니다. 바르게 계산하면 얼마입니까?,( number0 + number1 ) + number0,268 554 ,,1090,0
어떤 수에서 175를 뺐더니 429가 되었습니다. 어떤 수에 175를 더하면 얼마입니까?,( 175 + 429 ) + 175,어떤 수에서 number0를 뺐더니 number1가 되었습니다. 어떤 수에 number2를 더하면 얼마입니까?,( number2 + number1 ) + number2,175 429 175 ,,779,0
0부터 9까지의 수 중에서 식 '64A+726 < 1369'의 A안에 들어갈 수 있는 수의 개수를 구하시오.,"len( [ i for i in range( 0 , 9 + 1 ) if ( 64 * 10 + i ) + 726 < 1369 ] )",number0부터 number1까지의 수 중에서 식 'number2name0+number3 < number4'의 name1안에 들어갈 수 있는 수의 개수를 구하시오.,"len( [ i for i in range( number0 , number1 + 1 ) if ( number2 * 10 + i ) + number3 < number4 ] )",0 9 64 726 1369 ,A ,3,1(range)
"3장의 수 카드 3, 5, 4를 한 번씩만 사용하여 세 자리 수를 만들려고 합니다. 만들 수 있는 가장 큰 수와 가장 작은 수의 합을 구하시오.","[ 100 * i[0] + 10 * i[1] + i[2] for i in [ sorted( [ 3 , 5 , 4 ] , reverse = True ) ] ] [0] + [ 100 * i[0] + 10 * i[1] + i[2] for i in [ sorted( [ 3 , 5 , 4 ] ) ] ] [0]","number0장의 수 카드 number1, number2, number3를 한 번씩만 사용하여 number4자리 수를 만들려고 합니다. 만들 수 있는 가장 큰 수와 가장 작은 수의 합을 구하시오.","[ 100 * i[0] + 10 * i[1] + i[2] for i in [ sorted( [ number4 , number2 , number3 ] , reverse = True ) ] ] [0] + [ 100 * i[0] + 10 * i[1] + i[2] for i in [ sorted( [ number4 , number2 , number3 ] ) ] ] [0]",3 3 5 4 3 ,,888,"1(세 자리 수, [0], 어려운 문제)"
"4개의 숫자 8, 64, 56, 9 중에서 가장 큰 수를 가장 작은 수로 나눈 몫을 구하시오.","max( 8 , 64 , 56 , 9 ) // min( 8 , 64 , 56 , 9 )","number0개의 숫자 number1, number2, number3, number4 중에서 가장 큰 수를 가장 작은 수로 나눈 몫을 구하시오.","max( number1 , number2 , number3 , number4 ) // min( number1 , number2 , number3 , number4 )",4 8 64 56 9 ,,8,0
자전거 공장에서 세발자전거를 만드는 데 바퀴 24개를 사용하였습니다. 자전거 공장에서 만든 세발자전거는 몇 대입니까?,24 / 3,name0 공장에서 세발name1를 만드는 데 바퀴 number0개를 사용하였습니다. name2 공장에서 만든 세발name3는 몇 대입니까?,number0 / 3,24 ,자전거 ,8,1(세발 자전거)
마당에 있는 닭의 다리 수를 세어 보니 12개였습니다. 마당에 있는 닭은 몇 마리입니까?,12 / 2,마당에 있는 닭의 다리 수를 세어 보니 number0개였습니다. 마당에 있는 닭은 몇 마리입니까?,number0 / 2,12 ,,6,1(닭의 다리 수)
길이가 36cm인 철사를 사용하여 가장 큰 정사각형 하나를 만들었습니다. 만든 정사각형의 한 변은 몇 cm입니까?,36 / 4,길이가 number0cm인 철사를 사용하여 가장 큰 정사각형 number1를 만들었습니다. 만든 정사각형의 한 변은 몇 cm입니까?,number0 / 4,36 1 ,,9,1(정사각형)
"어느 과수원에서 사과를 유정이는 21개, 호석이는 27개 땄습니다. 유정이와 호석이가 딴 사과를 6명에게 똑같이 나누어 주면 한 명에게 사과를 몇 개씩줄 수 있습니까?",( 21 + 27 ) / 6,"어느 과수원에서 name0를 name1이는 number0개, name2이는 number1개 땄습니다. name3이와 name4이가 딴 name5를 number2명에게 똑같이 나누어 주면 number3명에게 name6를 몇 개씩줄 수 있습니까?",( number0 + number1 ) / number2,21 27 6 1 ,유정 호석 사과 ,8,0
강당에 학생들이 한 줄에 9명씩 4줄로 서 있습니다. 이 학생들이 한 줄에 6명씩 다시 서려고 합니다. 학생들은 몇 줄로 서야 합니까?,( 9 * 4 ) / 6,강당에 학생들이 한 줄에 number0명씩 number1줄로 서 있습니다. 이 학생들이 한 줄에 number2명씩 다시 서려고 합니다. 학생들은 몇 줄로 서야 합니까?,( number0 * number1 ) / number2,9 4 6 ,,6,0
어떤 수를 9로 나누어야 할 것을 잘못하여 6으로 나누었더니 몫이 6이 되었습니다. 바르게 계산하면 몫은 얼마입니까?,( 6 * 6 ) / 9,어떤 수를 number0로 나누어야 할 것을 잘못하여 number1으로 나누었더니 몫이 number2이 되었습니다. 바르게 계산하면 몫은 얼마입니까?,( number2 * number2 ) / number0,9 6 6 ,,4,0
"정국이는 9.0개의 책꽂이에 56.0권의 책을 갖고 있다면, 그는 얼마나 많은 책을 가지고 있습니까? ",56.0 * 9.0,"name0이는 number0개의 책꽂이에 number1권의 책을 갖고 있다면, 그는 얼마나 많은 책을 가지고 있습니까? ",number1 * number0,9.0 56.0 ,정국 ,504,0
각 행에 16.0개의 의자가 총 27.0행 있습니다. 얼마나 많은 의자가 있습니까?,27.0 * 16.0,각 행에 number0개의 의자가 총 number1행 있습니다. 얼마나 많은 의자가 있습니까?,number1 * number0,16.0 27.0 ,,432,0
41.0그루의 짧은 나무와 44.0개의 큰 나무가 있습니다. 노동자들은 57.0개의 짧은 나무를 심을 것입니다. 작업 후에 총 몇그루의 나무가 있습니까?,41.0 + 57.0,number0그루의 짧은 나name0와 number1개의 큰 나name1가 있습니다. 노동자들은 number2개의 짧은 나name2를 심을 것입니다. 작업 후에 총 몇그루의 나name3가 있습니까?,number0 + number2,41.0 44.0 57.0 ,무 ,98,0
지민이는 은행 계좌에 25000.0달러를 가지고 있습니다. 매월 그녀는 1500.0달러를 사용합니다. 지민이가 8.0개월 이후 갖고 있는 돈은 얼마입니까?,25000.0 - 1500.0 * 8.0,name0이는 은행 계좌에 number0달러를 가지고 있습니다. 매월 그녀는 number1달러를 사용합니다. name1이가 number2개월 이후 갖고 있는 돈은 얼마입니까?,number0 - number1 * number2,25000.0 1500.0 8.0 ,지민 ,13000,0
현재 공원에는 총 34.0개의 나무가 있습니다. 오늘 49.0그루를 심으면 총 몇 그루의 나무가 있습니까?,34.0 + 49.0,현재 공원에는 총 number0개의 나name0가 있습니다. 오늘 number1그루를 심으면 총 몇 그루의 나name1가 있습니까?,number0 + number1,34.0 49.0 ,무 ,83,0
석진이가 15.0개의 감자를 요리해야 합니다. 그는 이미 8.0개를조리했습니다. 각 감자를 요리하는데 9.0분이 걸리면 나머지를 요리하기 위해 얼마나 걸립니까?,9.0 * ( 15.0 - 8.0 ),name0이가 number0개의 name1자를 요리해야 합니다. 그는 이미 number1개를조리했습니다. 각 name2자를 요리하는데 number2분이 걸리면 나머지를 요리하기 위해 얼마나 걸립니까?,number2 * ( number0 - number1 ),15.0 8.0 9.0 ,석진 감 ,63,0
태형이가 파이 1개를 만드는데 사과 4.0개가 필요합니다. 504.0개의 파이를 만드는데 몇 개의 사과가 필요합니까?,4.0 * 504.0,name0이가 파이 number0개를 만드는데 name1 number1개가 필요합니다. number2개의 파이를 만드는데 몇 개의 name2가 필요합니까?,number1 * number2,1 4.0 504.0 ,태형 사과 ,2016,0
남준이는 저녁 식사에 18.0명을 초대했습니다. 그중 12.0명은 오지 않았습니다. 테이블 당 3.0명 씩 앉을 수 있다면 총 몇 개의 테이블이 필요합니까?,( 18.0 - 12.0 ) / 3.0,name0이는 저녁 식사에 number0명을 초대했습니다. 그중 number1명은 오지 않았습니다. 테이블 당 number2명 씩 앉을 수 있다면 총 몇 개의 테이블이 필요합니까?,( number0 - number1 ) / number2,18.0 12.0 3.0 ,남준 ,2,0
윤기가 파이프를 고정하기 위해 6522.0리터의 오일이 물로 흘렀습니다. 윤기가 추가로 5165.0리터의 오일을 흘렸다면 총 몇리터를 흘렸습니까?,6522.0 + 5165.0,name0가 파이프를 고정하기 위해 number0리터의 오일이 물로 흘렀습니다. name1가 추가로 number1리터의 오일을 흘렸다면 총 몇리터를 흘렸습니까?,number0 + number1,6522.0 5165.0 ,윤기 ,11687,0
호석이는 35.0개의 수박과 30.0개의 당근을 갖고 있습니다. 토끼가 수박 27.0개를 먹었으면 호석이는 총 몇개의 수박을 갖고 있습니까?,35.0 - 27.0,name0이는 number0개의 name1과 number1개의 name2을 갖고 있습니다. 토끼가 name3 number2개를 먹었으면 name4이는 총 몇개의 name5을 갖고 있습니까?,number0 - number2,35.0 30.0 27.0 ,호석 수박 당근 ,8,0
민영이는 1209.0개의 인형을 가지고 있고 은지는 2186.0개의 인형을 가지고 있습니다. 그들이 인형을 모두 합치면 총 몇개의 인형이 있습니까?,1209.0 + 2186.0,name0이는 number0개의 인형을 가지고 있고 name1는 number1개의 인형을 가지고 있습니다. 그들이 인형을 모두 합치면 총 몇개의 인형이 있습니까?,number0 + number1,1209.0 2186.0 ,민영 은지 ,3395,0
유정이가 책상에서 분수대까지 거리를 측정했을 때 30 피트가 나왔습니다. 4배를 더 간다면 몇 피트입니까?,30.0 * 4.0,name0이가 책상에서 분수대까지 거리를 측정했을 때 number0 피트가 나왔습니다. number1name1를 더 간다면 몇 피트입니까?,30.0 * 4.0,30 4 ,유정 배 배 ,120,0
작년에 90171.0명이 태어났으며 16320.0명이 이민했습니다. 작년에 몇명의 사람이 새로 왔습니까?,90171.0 + 16320.0,작년에 number0명이 태어났으며 number1명이 이민했습니다. 작년에 몇명의 사람이 새로 왔습니까?,number0 + number1,90171.0 16320.0 ,,106491,0
"민영이는 시간당 4.0마일, 총 20.0 마일을 방황했습니다. 민영이는 몇 시간 동안 방황 했습니까?",20.0 / 4.0,"name0이는 시간당 number0마일, 총 number1 마일을 방황했습니다. name1이는 몇 시간 동안 방황 했습니까?",number1 / number0,4.0 20.0 ,민영 ,5,0
"은지는 시간당 13.0 달러를 벌어들입니다. 그녀는 금요일에 9.0 시간, 토요일 10.0 시간, 일요일 3.0 시간을 일했습니다. 지민이는 얼마나 많은 돈을 벌었습니까?",13.0 * ( 9.0 + 10.0 + 3.0 ),"name0는 시간당 number0 달러를 벌어들입니다. 그녀는 name1에 number1 시간, name2 number2 시간, name3 number3 시간을 일했습니다. name4이는 얼마나 많은 돈을 벌었습니까?",number0 * ( number1 + number2 + number3 ),13.0 9.0 10.0 3.0 ,지민 은지 금요일 토요일 일요일 ,286,0
유나의 어항에 7.75 갤런의 물이 있습니다. 정국이 7.0 갤런을 더 많이 추가하면 몇 갤런이 있겠습니까?,7.75 + 7.0,name0의 어항에 number0 갤런의 물이 있습니다. name1이 number1 갤런을 더 많이 추가하면 몇 갤런이 있겠습니까?,number0 + number1,7.75 7.0 ,유나 정국 ,14.75,0
지민이는 과일 접시에 34.0 개의 복숭아를 갖고 있습니다. 그녀는 과수원에 가서 86.0 개를 최종 얻었습니다. 그녀는 몇개의 복숭아를 더 땃습니까?,86.0 - 34.0,name0이는 과일 접시에 number0 개의 복숭아를 갖고 있습니다. 그녀는 과수원에 가서 number1 개를 최종 얻었습니다. 그녀는 몇개의 복숭아를 더 땃습니까?,number1 - number0,34.0 86.0 ,지민 ,52,0
"석진이는 나무 각각에서 1마리의 새를 보았습니다. 총 나무가 12그루 있을 때, 석진이는 총 몇마리의 새를 보았습니까?",1.0 * 12.0,"name0이는 나name1 각각에서 number0마리의 새를 보았습니다. 총 나name2가 number1그루 있을 때, name3이는 총 몇마리의 새를 보았습니까?",number0 * number1,1 12 ,석진 무 ,12,0
공원에는 21.0 명의 사람이 있습니다. 총 12.0명이 집에 가고 나머지 사람들은 3.0 명씩 테이블에 앉았습니다. 총 몇개의 테이블이 필요합니까?,( 21.0 - 12.0 ) / 3.0,공원에는 number0 명의 사람이 있습니다. 총 number1명이 집에 가고 나머지 사람들은 number2 명씩 테이블에 앉았습니다. 총 몇개의 테이블이 필요합니까?,( number0 - number1 ) / number2,21.0 12.0 3.0 ,,3,0
"석진이는 54.0개의 껌을 갖고 있습니다. 지민이에게 16.0개의 껌을 주었을 때, 석진이가 갖고 있는 껌의 갯수는 몇개입니까?",54.0 - 16.0,"name0이는 number0개의 껌을 갖고 있습니다. name1이에게 number1개의 껌을 주었을 때, name2이가 갖고 있는 껌의 갯수는 몇개입니까?",number0 - number1,54.0 16.0 ,지민 석진 ,38,0
"정국이는 4.0 달러를 갖고 있습니다, 일을 하여 11.0 달러를 더 받았다면, 5.0 달러짜리 장난감을 총 몇개 살 수 있습니까?",( 4.0 + 11.0 ) / 5.0,"name0이는 number0 달러를 갖고 있습니다, 일을 하여 number1 달러를 더 받았다면, number2 달러짜리 장난name1을 총 몇개 살 수 있습니까?",( number0 + number1 ) / number2,4.0 11.0 5.0 ,정국 감 ,3,0
호석이는 78.0 개의 사탕이 있습니다. 그가 30.0 개를 먹은 뒤 8.0개씩 봉투에 담았습니다. 봉투의 개수는 몇개입니까?,( 78.0 - 30.0 ) / 8.0,name0이는 number0 개의 name1이 있습니다. 그가 number1 개를 먹은 뒤 number2개씩 봉투에 담았습니다. 봉투의 개수는 몇개입니까?,( number0 - number1 ) / number2,78.0 30.0 8.0 ,호석 사탕 ,6,0
"서랍에 115.0개의 연필이 있습니다. 지민이가 100.0 개의 연필을 추가로 두었을 때, 얼마나 많은 연필이 있습니까?",115.0 + 100.0,"서랍에 number0개의 연필이 있습니다. name0이가 number1 개의 연필을 추가로 두었을 때, 얼마나 많은 연필이 있습니까?",number0 + number1,115.0 100.0 ,지민 ,215,0
"민영이는 2041.0 개의 사과를 갖고 있습니다. 은지가 63093.0 개의 사과를 추가적으로 갖고 왔다면, 총 몇개의 사과가 있습니까?",2041.0 + 63093.0,"name0이는 number0 개의 name1를 갖고 있습니다. name2가 number1 개의 name3를 추가적으로 갖고 왔다면, 총 몇개의 name4가 있습니까?",number0 + number1,2041.0 63093.0 ,민영 은지 사과 ,65134,0
유나는 총 42.0권의 책을 갖고 있습니다. 책꽂이에 각각 3개의 책을 꽂는다면 총 몇개의 책꽂이가 필요합니까?,42.0 / 3.0,name0는 총 number0권의 책을 갖고 있습니다. 책꽂이에 각각 number1개의 책을 꽂는다면 총 몇개의 책꽂이가 필요합니까?,number0 / number1,42.0 3 ,유나 ,14,0
호석이는 7.0개의 풍선이 있고 민영이에게 5.0개를 주었습니다. 호석이는 몇개의 풍선을 갖고 있습니까?,7.0 - 5.0,name0이는 number0개의 풍선이 있고 name1이에게 number1개를 주었습니다. name2이는 몇개의 풍선을 갖고 있습니까?,number0 - number1,7.0 5.0 ,민영 호석 ,2,0
은지는 6206.0 갤런의 오일을 갖고 있습니다. 공사를 하는 동안 2475.0 갤런의 오일이 누출 되었다면 남은 오일은 몇 갤런 입니까?,6206.0 - 2475.0,name0는 number0 갤런의 오일을 갖고 있습니다. 공사를 하는 동안 number1 갤런의 오일이 누출 되었다면 남은 오일은 몇 갤런 입니까?,number0 - number1,6206.0 2475.0 ,은지 ,3731,0
유나가 시간당 10.0 킬로미터로 달리고 있습니다. 80.0킬로미터 떨어진 곳까지 몇 시간이 걸립니까?,80.0 / 10.0,name0가 시간당 number0 킬로미터로 달리고 있습니다. number1킬로미터 떨어진 곳까지 몇 시간이 걸립니까?,number1 / number0,10.0 80.0 ,유나 ,8,0
애완 동물 가게에 88.0 마리의 강아지가 있습니다. 34.0 마리를 팔고 각 박스에 6.0 마리씩 넣었습니다. 사용한 박스는 몇 개입니까?,( 88.0 - 34.0 ) / 6.0,애완 동물 가게에 number0 마리의 강아지가 있습니다. number1 마리를 팔고 각 박스에 number2 마리씩 넣었습니다. 사용한 박스는 몇 개입니까?,( number0 - number1 ) / number2,88.0 34.0 6.0 ,,9,0
"윤기는 초콜릿 캔디 12.0 상자를 구입하고 동생에게 5.0개의 캔디를 주었습니다. 각 상자에는 3.0개의 초콜릿 캔디가 들어 있다고 할 때, 윤기가 가진 초콜릿 캔디의 갯수는 몇 개 입니까?",3.0 * ( 12.0 - 5.0 ),"name0는 초콜릿 캔디 number0 상자를 구입하고 동생에게 number1개의 캔디를 주었습니다. 각 상자에는 number2개의 초콜릿 캔디가 들어 있다고 할 때, name1가 가진 초콜릿 캔디의 갯수는 몇 개 입니까?",number2 * ( number0 - number1 ),12.0 5.0 3.0 ,윤기 ,21,0
"석진이는 6.0개의 조개와 4.0개의 불가사리를 발견했습니다. 4.0개의 조개를 바다에 뿌렸을 때, 석진이가 가진 조개는 몇 개 입니까?",6.0 - 4.0,"name0이는 number0개의 조개와 number1개의 불가사리를 발견했습니다. number2개의 조개를 바다에 뿌렸을 때, name1이가 가진 조개는 몇 개 입니까?",number0 - number2,6.0 4.0 4.0 ,석진 ,2,0
64.0 명의 학생들이 학교의 퀴즈 팀을 위해 공부하고 있습니다. 그 중 36.0 명이 팀에 맞지 않고 남은 사람을 4.0명씩 그룹에 넣었습니다. 총 그룹은 몇 개 입니까?,( 64.0 - 36.0 ) / 4.0,number0 명의 학생들이 학교의 퀴즈 팀을 위해 공부하고 있습니다. 그 중 number1 명이 팀에 맞지 않고 남은 사람을 number2명씩 그룹에 넣었습니다. 총 그룹은 몇 개 입니까?,( number0 - number1 ) / number2,64.0 36.0 4.0 ,,7,0
"남준이는 8.0원의 피자를 구입했습니다. 그녀가 피자를 3판 주문 하였을 때, 지불한 총 금액은 얼마입니까?",3.0 * 8.0,"name0이는 number0원의 피자를 구입했습니다. 그녀가 피자를 number1판 주문 하였을 때, 지불한 총 금액은 얼마입니까?",number1 * number0,8.0 3 ,남준 ,24,0
"은지는 43.0개의 빨간 사과와 32.0개의 초록색 사과를 점심으로 주문 했습니다. 배달 중 2개의 녹색 사과가 분실되었다면, 총 배달된 사과는 몇 개 입니까?",43.0 + 32.0 - 2.0,"name0는 number0개의 빨간 name1와 number1개의 name2 name3를 점심으로 주문 했습니다. name4달 중 number2개의 녹색 name5가 분실되었다면, 총 name6달된 name7는 몇 개 입니까?",number0 + number1 - number2,43.0 32.0 2 ,은지 초록색 사과 배 배 ,73,0
학교 농구 팀을 위해 39.0 명의 여자와 4.0 명의 남자가 지원 했습니다. 그 중 26명이 탈퇴 했을 때 총 몇 명의 사람이 남았습니까?,39.0 + 4.0 - 26.0,학교 농구 팀을 위해 number0 명의 여자와 number1 명의 남자가 지원 했습니다. 그 중 number2명이 탈퇴 했을 때 총 몇 명의 사람이 남았습니까?,number0 + number1 - number2,39.0 4.0 26 ,,17,0
태형이가 공연을 한 번 보는데에 9.0원이 필요합니다. 총 4번의 공연을 보기 위해 얼마가 필요합니까?,9.0 * 4.0,name0이가 공연을 한 번 보는데에 number0원이 필요합니다. 총 number1번의 공연을 보기 위해 얼마가 필요합니까?,number0 * number1,9.0 4 ,태형 ,36,0
모래 상자의 가로 길이가 312.0cm 입니다. 이러한 모래 상자가 146.0개 있을때 총 길이는 몇 cm입니까?,312.0 * 146.0,모래 상자의 가로 길이가 number0cm 입니다. 이러한 모래 상자가 number1개 있을때 총 길이는 몇 cm입니까?,number0 * number1,312.0 146.0 ,,45552,0
"애완 동물 가게에는 9.0개의 새장이 있습니다. 각 새장에는 2.0마리의 앵무새와 6.0마리의 비둘기가 있을 때, 새는 총 몇 마리 입니까?",9.0 * ( 2.0 + 6.0 ),"애완 동물 가게에는 number0개의 새장이 있습니다. 각 새장에는 number1마리의 앵name0새와 number2마리의 비number3기가 있을 때, 새는 총 몇 마리 입니까?",number0 * ( number1 + number2 ),9.0 2.0 6.0 2 ,무 ,72,0
"호석이는 99.0원의 아이스크림을 샀습니다. 총 2개를 살 때, 호석이가 지불해야 하는 금액은 얼마입니까?",99.0 * 2.0,"name0이는 number0원의 아이스크림을 샀습니다. 총 number1개를 살 때, name1이가 지불해야 하는 금액은 얼마입니까?",number0 * number1,99.0 2 ,호석 ,198,0
"유정이는 6.0개의 파란색 풍선을 갖고 있습니다. 은지는 유정이보다 3.0배가 더 많은 풍선을 갖고 있을 때, 은지는 몇개의 풍선을 갖고 있습니까?",6.0 * 3.0,"name0이는 number0개의 name1 풍선을 갖고 있습니다. name2는 name3이보다 number1name4가 더 많은 풍선을 갖고 있을 때, name5는 몇개의 풍선을 갖고 있습니까?",number0 * number1,6.0 3.0 ,유정 은지 파란색 배 배 ,18,0
호석이는 시간당 5.0마일을 갈 수 있습니다. 마을에서 25.0마일 떨어진 호수를 갈 경우 몇 시간이 걸립니까?,25.0 / 5.0,name0이는 시간당 number0마일을 갈 수 있습니다. 마을에서 number1마일 떨어진 호수를 갈 경우 몇 시간이 걸립니까?,number1 / number0,5.0 25.0 ,호석 ,5,0
"유나는 9.0개의 상자를 갖고 있습니다. 각 상자에는 5.0개의 병이 들어 있을 때, 유나가 가진 병의 갯수는 총 몇 개 입니까?",5.0 * 9.0,"name0는 number0개의 상자를 갖고 있습니다. 각 상자에는 number1개의 병이 들어 있을 때, name1가 가진 병의 갯수는 총 몇 개 입니까?",number1 * number0,9.0 5.0 ,유나 ,45,0
"8.0명의 어린이가 있습니다. 96.0개의 케이크를 공평하게 나눠 주려고 할 때, 한 명당 몇개의 케이크를 받을 수 있습니까?",96.0 / 8.0,"number0명의 어린이가 있습니다. number1개의 케이크를 공평하게 나눠 주려고 할 때, number2명당 몇개의 케이크를 받을 수 있습니까?",number1 / number0,8.0 96.0 1 ,,12,0
"민영이는 7.0개의 검은 풍선을 갖고 있습니다. 은지는 민영이보다 4.0배 더 많은 풍선을 갖고 있을 때, 은지가 갖고 있는 풍선은 몇개입니까?",7.0 * 4.0,"name0이는 number0개의 검은 풍선을 갖고 있습니다. name1는 name2이보다 number1name3 더 많은 풍선을 갖고 있을 때, name4가 갖고 있는 풍선은 몇개입니까?",number0 * number1,7.0 4.0 ,민영 은지 배 배 ,28,0
"정국이는 33.0개의 사탕이 있습니다. 정국이가 처음 17.0개를 먹고 석진이가 정국이에게 19.0개의 사탕을 주었다면, 정국이는 몇개의 사탕을 갖고 있습니까?",33.0 + 19.0 - 17.0,"name0이는 number0개의 name1이 있습니다. name2이가 처음 number1개를 먹고 name3이가 name4이에게 number2개의 name5을 주었다면, name6이는 몇개의 name7을 갖고 있습니까?",number0 + number2 - number1,33.0 17.0 19.0 ,정국 석진 사탕 ,35,0
"서울에는 20817.0개의 아파트가 있습니다. 정부가 97741.0개의 아파트를 건설 했을 때, 총 몇개의 아파트가 있습니까?",20817.0 + 97741.0,"서울에는 number0개의 아파트가 있습니다. 정부가 number1개의 아파트를 건설 했을 때, 총 몇개의 아파트가 있습니까?",number0 + number1,20817.0 97741.0 ,,118558,0
"한 문제당 7.0점인 시험이 있습니다. 윤기는 총 3.0개의 문제를 풀었을 때, 윤기의 시험점수는 몇 점 입니까?",3.0 * 7.0,"한 문제당 number0점인 시험이 있습니다. name0는 총 number1개의 문제를 풀었을 때, name1의 시험점수는 몇 점 입니까?",number1 * number0,7.0 3.0 ,윤기 ,21,0
"민영이는 6.0개의 배를 골랐고, 태형이는 5.0개의 사과를 골랐습니다. 두 사람에게 총 몇개의 과일이 있습니까?",6.0 + 5.0,"name0이는 number0개의 name1를 골랐고, name2이는 number1개의 name3를 골랐습니다. 두 사람에게 총 몇개의 과일이 있습니까?",number0 + number1,6.0 5.0 ,민영 태형 사과 배 배 ,11,0
"민영이는 43.0개의 수학문제와 12.0개의 과학문제를 갖고 있습니다. 그녀가 학교에서 44.0개의 문제를 풀었다면, 남은 문제는 몇 개입니까?",43.0 + 12.0 - 44.0,"name0이는 number0개의 name1문제와 number1개의 name2문제를 갖고 있습니다. 그녀가 학교에서 number2개의 문제를 풀었다면, 남은 문제는 몇 개입니까?",number0 + number1 - number2,43.0 12.0 44.0 ,민영 수학 과학 ,11,0
지민이는 25.0개의 불고기버거와 17.0개의 피자를 주문 했습니다. 배달이 오다가 피자 10개를 잃어버렸다면 주문한 메뉴는 총 몇 개입니까?,25.0 + 17.0 - 10.0,name0이는 number0개의 불고기버거와 number1개의 피자를 주문 했습니다. name1달이 오다가 피자 number2개를 잃어버렸다면 주문한 메뉴는 총 몇 개입니까?,number0 + number1 - number2,25.0 17.0 10 ,지민 배 배 ,32,0
유정이는 55.0개의 사과를 갖고있습니다. 민영이가 44.0개의 사과를 먹었다면 남은 사과의 갯수는?,55.0 - 44.0,name0이는 number0개의 name1를 갖고있습니다. name2이가 number1개의 name3를 먹었다면 남은 name4의 갯수는?,number0 - number1,55.0 44.0 ,민영 유정 사과 ,11,0
지민이는 5송이의 포도를 갖고 있습니다. 각 포도에는 9.0개의 알이 있을 때 총 알의 갯수는 몇 개 입니까?,5.0 * 9.0,name0이는 number0송이의 name1를 갖고 있습니다. 각 name2에는 number1개의 알이 있을 때 총 알의 갯수는 몇 개 입니까?,number0 * number1,5 9.0 ,지민 포도 ,45,0
"호석이는 전반전에 3.0문제를 풀었습니다. 후반전에는 5.0문제를 풀었고, 한 문제당 3.0점 일 때, 호석이가 얻은 점수는 총 몇 점입니까?",3.0 * ( 3.0 + 5.0 ),"name0이는 전반전에 number0문제를 풀었습니다. 후반전에는 number1문제를 풀었고, 한 문제당 number2점 일 때, name1이가 얻은 점수는 총 몇 점입니까?",number2 * ( number2 + number1 ),3.0 5.0 3.0 ,호석 ,24,0
석진이는 29.0개의 종이를 샀고 민영이는 석진이에게 17.0개의 종이를 강탈 했습니다. 석진이가 가진 종이는 총 몇개입니까?,29.0 - 17.0,name0이는 number0개의 종이를 샀고 name1이는 name2이에게 number1개의 종이를 강탈 했습니다. name3이가 가진 종이는 총 몇개입니까?,number0 - number1,29.0 17.0 ,민영 석진 ,12,0
호석이는 집에 2.0명의 친구를 초대했습니다. 오후에 7.0명의 친구를 추가로 초대하고 각 친구에게는 7.0개의 사과가 있습니다. 총 사과의 갯수는 얼마입니까?,7.0 * ( 7.0 + 2.0 ),name0이는 집에 number0명의 친구를 초대했습니다. 오후에 number1명의 친구를 추가로 초대하고 각 친구에게는 number2개의 name1가 있습니다. 총 name2의 갯수는 얼마입니까?,number2 * ( number2 + number0 ),2.0 7.0 7.0 ,호석 사과 ,63,0
"윤기는 사탕 5.0개를 갖고 있습니다. 지민이가 86.0개의 사탕을 윤기에게 주었을 때, 윤기가 가진 사탕은 총 몇개입니까?",5.0 + 86.0,"name0는 name1 number0개를 갖고 있습니다. name2이가 number1개의 name3을 name4에게 주었을 때, name5가 가진 name6은 총 몇개입니까?",number0 + number1,5.0 86.0 ,윤기 지민 사탕 ,91,0
"호석이는 3개의 모니터를 갖고 있습니다. 각 모니터에는 144개의 픽셀이 있을 때, 총 픽셀의 갯수는 몇개 입니까?",144.0 * 3.0,"name0이는 number0개의 모니터를 갖고 있습니다. 각 모니터에는 number1개의 픽셀이 있을 때, 총 픽셀의 갯수는 몇개 입니까?",number1 * number0,3 144 ,호석 ,432,0
"정국이는 10.0개의 빨간 풍선을 갖고 있습니다. 태형이가 46.0개의 빨간 풍선을 정국이에게 주었고, 정국이는 16.0개의 빨간 풍선을 추가로 구매했습니다. 정국이가 가진 풍선은 총 몇 개입니까?",10.0 + 46.0 + 16.0,"name0이는 number0개의 빨간 풍선을 갖고 있습니다. name1이가 number1개의 빨간 풍선을 name2이에게 주었고, name3이는 number2개의 빨간 풍선을 추가로 구매했습니다. name4이가 가진 풍선은 총 몇 개입니까?",number0 + number1 + number2,10.0 46.0 16.0 ,정국 태형 ,72,0
상점에는 34.0개의 오렌지가 있습니다. 지민이는 오래된 20.0개를 버리고 13.0개의 새로운 오렌지를 구매했습니다. 상점에는 총 몇개의 오렌지가 있습니까?,34.0 + 13.0 - 20.0,상점에는 number0개의 오렌지가 있습니다. name0이는 오래된 number1개를 버리고 number2개의 새로운 오렌지를 구매했습니다. 상점에는 총 몇개의 오렌지가 있습니까?,number0 + number2 - number1,34.0 20.0 13.0 ,지민 ,27,0
유나에게는 22.0 권의 책이 있습니다. 윤기는 20.0 권의 책이 있습니다. 그들이 가진 총 책은 몇 권입니까?,22.0 + 20.0,name0에게는 number0 권의 책이 있습니다. name1는 number1 권의 책이 있습니다. 그들이 가진 총 책은 몇 권입니까?,number0 + number1,22.0 20.0 ,유나 윤기 ,42,0
태형이는 7.0개의 지우개를 갖고 있습니다. 남준이는 8.0개의 연필을 갖고 있습니다. 윤기는 4.0개의 볼펜을 갖고 있습니다. 세 사람이 갖고 있는 학용품은 총 몇 개입니까?,7.0 + 8.0 + 4.0,name0이는 number0개의 지우개를 갖고 있습니다. name1이는 number1개의 연필을 갖고 있습니다. name2는 number2개의 name3을 갖고 있습니다. 세 사람이 갖고 있는 학용품은 총 몇 개입니까?,number0 + number1 + number2,7.0 8.0 4.0 ,태형 남준 윤기 볼펜 ,19,0
호석이는 11.0시간 만에 715.0 킬로미터를 여행 했습니다. 호석이는 평균 몇 킬로미터로 여행했습니까?,715.0 / 11.0,name0이는 number0시간 만에 number1 킬로미터를 여행 했습니다. name1이는 평균 몇 킬로미터로 여행했습니까?,number1 / number0,11.0 715.0 ,호석 ,65,0
"민영이는 9.0개의 상자를 갖고 있습니다. 각 상자에는 수박 6개씩 들어있을때, 총 수박의 갯수는 몇 개 입니까?",9.0 * 6.0,"name0이는 number0개의 상자를 갖고 있습니다. 각 상자에는 name1 number1개씩 들어있을때, 총 name2의 갯수는 몇 개 입니까?",number0 * number1,9.0 6 ,민영 수박 ,54,0
서랍에는 39.0개의 가위와 22.0개의 연필이 있습니다. 민영이는 서랍에 13.0개의 가위를 두었습니다. 총 몇개의 가위가 있습니까?,39.0 + 13.0,서랍에는 number0개의 가위와 number1개의 연필이 있습니다. name0이는 서랍에 number2개의 가위를 두었습니다. 총 몇개의 가위가 있습니까?,number0 + number2,39.0 22.0 13.0 ,민영 ,52,0
"정국이는 87.0개의 돌을 갖고 있습니다. 정국이가 호석이에게 8.0개의 돌을 주었을 때, 정국이가 가진 돌은 몇 개 입니까?",87.0 - 8.0,"name0이는 number0개의 돌을 갖고 있습니다. name1이가 name2이에게 number1개의 돌을 주었을 때, name3이가 가진 돌은 몇 개 입니까?",number0 - number1,87.0 8.0 ,정국 호석 ,79,0
"지민, 석진, 태형이가 식당에 갔습니다. 한 명당 8.0개의 피자를 먹고 10.0개의 사과를 먹었습니다. 총 먹은 음식은 몇 개 입니까?",( 8.0 + 10.0 ) / 3.0,"name0, name1, name2이가 식당에 갔습니다. number0명당 number1개의 피자를 먹고 number2개의 name3를 먹었습니다. 총 먹은 음식은 몇 개 입니까?",( number1 + number2 ) / 3,1 8.0 10.0 ,태형 지민 석진 사과 ,6,0
"은지는 212.0 마리의 물고기를 갖고 있습니다. 280.0마리의 물고기를 추가로 구입했을 때, 은지가 갖고 있는 물고기는 총 몇마리 입니까?",280.0 - 212.0,"name0는 number0 마리의 물고기를 갖고 있습니다. number1마리의 물고기를 추가로 구입했을 때, name1가 갖고 있는 물고기는 총 몇마리 입니까?",number1 - number0,212.0 280.0 ,은지 ,68,0
"책상에 바나나가 2.0개 있습니다. 원숭이가 7개의 바나나를 더 추가 했을 때, 총 바나나의 갯수는 몇 개입니까?",2.0 + 7.0,"책상에 바나나가 number0개 있습니다. 원숭이가 number1개의 바나나를 더 추가 했을 때, 총 바나나의 갯수는 몇 개입니까?",number0 + number1,2.0 7 ,,9,0
남준이는 오전에 8.2마일을 하이킹 했습니다. 오후에 1.6마일을 더 하이킹 했으면 총 몇마일을 하이킹 했습니까?,8.2 + 1.6,name0이는 오전에 number0마일을 하이킹 했습니다. 오후에 number1마일을 더 하이킹 했으면 총 몇마일을 하이킹 했습니까?,number0 + number1,8.2 1.6 ,남준 ,9.80,0
"석진이는 91.0개의 카드를 갖고 있습니다. 17.0개의 카드를 민영이에게 주엇을 때, 석진이는 몇 개의 카드를 갖고 있습니까?",91.0 - 17.0,"name0이는 number0개의 카드를 갖고 있습니다. number1개의 카드를 name1이에게 주엇을 때, name2이는 몇 개의 카드를 갖고 있습니까?",number0 - number1,91.0 17.0 ,민영 석진 ,74,0
"농구팀에서 가장 키가 큰 선수는 77.75cm입니다. 가장 키가 작은 선수는 9.5cm더 작을 때, 가장 키가 작은 선수는 몇 cm 입니까?",77.75 - 9.5,"농구팀에서 가장 키가 큰 선수는 number0cm입니다. 가장 키가 작은 선수는 number1cm더 작을 때, 가장 키가 작은 선수는 몇 cm 입니까?",number0 - number1,77.75 9.5 ,,68.25,0
"사탕은 개당 18.0원 입니다. 총 136.0개의 사탕이 있을 때, 총 얼마입니까?",136.0 * 18.0,"name0은 개당 number0원 입니다. 총 number1개의 name1이 있을 때, 총 얼마입니까?",number1 * number0,18.0 136.0 ,사탕 ,2448,0
태형이의 바구니에는 28.0개의 딸기가 있습니다. 그는 35.0개의 딸기를 더 구매햇을때 태형이가 갖고있는 딸기는 몇 개입니까?,28.0 + 35.0,name0이의 바구니에는 number0개의 딸기가 있습니다. 그는 number1개의 딸기를 더 구매햇을때 name1이가 갖고있는 딸기는 몇 개입니까?,number0 + number1,28.0 35.0 ,태형 ,63,0
"윤기는 344.0권의 책을 갖고 있습니다. 136.0권을 학교에 두고 왔을때, 몇 권의 책을 갖고 있습니까?",344.0 - 136.0,"name0는 number0권의 책을 갖고 있습니다. number1권을 학교에 두고 왔을때, 몇 권의 책을 갖고 있습니까?",number0 - number1,344.0 136.0 ,윤기 ,208,0
지민이는 49.0개의 종이과 24.0개의 인형을 갖고 있습니다. 지민이의 아빠가 지민이에게 39.0개의 인형과 100개의 종이를 주었습니다. 민영이가 가진 총 인형의 갯수는 몇 개 입니까?,24.0 + 39.0,name0이는 number0개의 종이과 number1개의 인형을 갖고 있습니다. name1이의 아빠가 name2이에게 number2개의 인형과 number3개의 종이를 주었습니다. name3이가 가진 총 인형의 갯수는 몇 개 입니까?,number1 + number2,49.0 24.0 39.0 100 ,민영 지민 ,63,0
유정이는 7.0개의 레몬을 골랐고 나무에서 9.0개의 레몬을 더 땃습니다. 유정이가 가진 레몬은 총 몇개 입니까?,7.0 + 9.0,name0이는 number0개의 레몬을 골랐고 나name1에서 number1개의 레몬을 더 땃습니다. name2이가 가진 레몬은 총 몇개 입니까?,number0 + number1,7.0 9.0 ,유정 무 ,16,0
사탕은 한 개당 8.0칼로리입니다. 3개의 사탕은 몇 칼로리입니까?,8.0 * 3.0,name0은 number0개당 number1칼로리입니다. number2개의 name1은 몇 칼로리입니까?,number1 * number2,1 8.0 3 ,사탕 ,24,0
"석진이는 9.0개의 티겟을 갖고 있습니다. 한 개의 티켓은 5.0이 입장 할 수 있을때, 총 몇명이 입장 할 수 있습니까?",9.0 * 5.0,"name0이는 number0개의 티겟을 갖고 있습니다. number1개의 티켓은 number2이 입장 할 수 있을때, 총 몇명이 입장 할 수 있습니까?",number0 * number2,9.0 1 5.0 ,석진 ,45,0
은지는 8.0마리의 고양이를 갖고 있습니다. 유나에게 2.0마리를 주었다면 은지는 총 몇마리의 고양이를 갖고 있습니까?,8.0 - 2.0,name0는 number0마리의 고양이를 갖고 있습니다. name1에게 number1마리를 주었다면 name2는 총 몇마리의 고양이를 갖고 있습니까?,number0 - number1,8.0 2.0 ,유나 은지 ,6,0
석진이는 냉장고에 14.0개의 사과를 갖고 있습니다. 그의 아빠락 45.0개의 사과를 추가로 넣고 동생이 8.0개를 먹었다면 냉장고에 몇개의 사과가 남아 있습니까?,14.0 + 45.0 - 8.0,name0이는 냉장고에 number0개의 name1를 갖고 있습니다. 그의 아빠락 number1개의 name2를 추가로 넣고 동생이 number2개를 먹었다면 냉장고에 몇개의 name3가 남아 있습니까?,number0 + number1 - number2,14.0 45.0 8.0 ,석진 사과 ,51,0
