﻿Question,Equation,Question2,Equation2,Numbers,Names,answer,comment
유정이는 색종이를 6장 가지고 있었습니다. 이모가 유정이에게 새로운 색종이 3장을 주었고 1장을 사용하였습니다. 유정이에게 남은 색종이는 몇 장일까요?,6 + 3 - 1,name0이는 색종이를 number0장 가지고 있었습니다. 이모가 name1이에게 새로운 색종이 number1장을 주었고 number2장을 사용하였습니다. name2이에게 남은 색종이는 몇 장일까요?,number0 + number1 - number2,6 3 1 ,유정 ,8,0
배 14개를 두 상자에 나누어 담으려고 합니다. 배를 한 상자에 6개 담으면 다른 상자에는 몇 개 담아야 하는가?,14 - 6,name0 number0개를 두 상자에 나누어 담으려고 합니다. name1를 한 상자에 number1개 담으면 다른 상자에는 몇 개 담아야 하는가?,number0 - number1,14 6 ,배 배 ,8,0
빈 병을 한 봉지에 10개씩 담으니 4봉지가 되고 낱개 5개가 남았습니다. 빈 병은 모두 몇 개인가?,10 * 4 + 5,빈 병을 한 봉지에 number0개씩 담으니 number1봉지가 되고 낱개 number2개가 남았습니다. 빈 병은 모두 몇 개인가?,number0 * number1 + number2,10 4 5 ,,45,0
"무를 지민이는 28개, 태형이는 34개 캤습니다. 무를 더 많이 캔 친구는 누구일까요?",'지민' if 28 > 34 else '태형',"name0를 name1이는 number0개, name2이는 number1개 캤습니다. name3를 더 많이 캔 친구는 누구일까요?",'name1' if number0 > number1 else 'name0',28 34 ,태형 지민 무 ,태형,0
어머니께서 달걀을 10개씩 묶음 5개 사오셨습니다. 어머니께서 사 오신 달걀은 모두 몇 개일까요?,10 * 5,어머니께서 name0을 number0개씩 묶음 number1개 사오셨습니다. 어머니께서 사 오신 name1은 모두 몇 개일까요?,number0 * number1,10 5 ,달걀 ,50,0
사람들이 번호 순서대로 줄을 섰습니다. 지민이가 38번이라면 지민이 바로 앞에 서 있는 사람은 몇 번일까요?,38 - 1,사람들이 번호 순서대로 줄을 섰습니다. name0이가 number0번이name1 name2이 바로 앞에 서 있는 사람은 몇 번일까요?,number0 - 1,38 ,지민 라면 ,37,0
색종이를 민영이는 26장 가지고 있고 태형이는 29장 가지고 있습니다. 색종이를 더 많이 가진 사람은 누구인가요?,'민영' if 26 > 29 else '태형',색종이를 name0이는 number0장 가지고 있고 name1이는 number1장 가지고 있습니다. 색종이를 더 많이 가진 사람은 누구인가요?,'name0' if number0 > number1 else 'name1',26 29 ,민영 태형 ,태형,0
사탕을 호석이는 2개 남준이는 5개 가지고 있습니다. 사탕을 더 많이 가지고 있는 사람은 누구입니까?,'호석' if 2 > 5 else '남준',name0을 name1이는 number0개 name2이는 number1개 가지고 있습니다. name3을 더 많이 가지고 있는 사람은 누구입니까?,'name1' if number0 > number1 else 'name0',2 5 ,남준 호석 사탕 ,남준,0
사람들이 번호 순서대로 줄을 섰습니다. 지민이가 38번이라면 지민이 바로 뒤에 서 있는 사람은 몇 번일까요?,38 + 1,사람들이 번호 순서대로 줄을 섰습니다. name0이가 number0번이name1 name2이 바로 뒤에 서 있는 사람은 몇 번일까요?,number0 + 1,38 ,지민 라면 ,39,1 (+1 상수)
8명의 친구가 달리기 시합을 하였습니다. 유나는 결승점에 꼴찌로 도착했습니다. 유나는 앞에서 몇째로 들어왔나요?,8 - 1 + 1,number0명의 친구가 달리기 시합을 하였습니다. name0는 결승점에 꼴찌로 도착했습니다. name1는 앞에서 몇째로 들어왔나요?,number0 - 1 + 1,8 ,유나 ,8,1 (+1 상수)
남준이는 공깃돌 8개를 양손에 나누어 쥐었습니다. 왼손에 5개를 쥐었다면 오른손에는 몇 개를 쥐었을까요?,8 - 5,name0이는 공깃돌 number0개를 양손에 나누어 쥐었습니다. 왼손에 number1개를 쥐었다면 오른손에는 몇 개를 쥐었을까요?,number0 - number1,8 5 ,남준 ,3,0
필통에 연필이 6자루 들어 있었습니다. 유나가 연필을 3자루 더 넣었다면 필통에 들어있는 연필은 모두 몇 자루일까요?,6 + 3,필통에 연필이 number0자루 들어 있었습니다. name0가 연필을 number1자루 더 넣었다면 필통에 들어있는 연필은 모두 몇 자루일까요?,number0 + number1,6 3 ,유나 ,9,0
8명의 친구가 달리기 시합을 하였습니다. 유나는 결승점에 제일 먼저 도착했습니다. 유나는 뒤에서 몇째로 들어왔나요?,8 - 1 + 1,number0명의 친구가 달리기 시합을 하였습니다. name0는 결승점에 제일 먼저 도착했습니다. name1는 뒤에서 몇째로 들어왔나요?,number0 - 1 + 1,8 ,유나 ,8,1 (+1 상수)
"호석이네 집에는 꽃병에 꽂은 꽃이 7송이 있고, 꽃병에 꽂지 않은 꽃은 없습니다. 호석이네 집에 있는 꽃은 모두 몇 송이일까요?",7 + 0,"name0이네 집에는 꽃병에 꽂은 꽃이 number0송이 있고, 꽃병에 꽂지 않은 꽃은 없습니다. name1이네 집에 있는 꽃은 모두 몇 송이일까요?",number0 + 0,7 ,호석 ,7,0
체육관에 축구공이 3개 있고 배구공은 축구공보다 2개 더 많이 있습니다. 체육관에 있는 축구공과 배구공은 모두 몇 개일까요?,3 + ( 3 + 2 ),name0관에 name1이 number0개 있고 name2은 name3보다 number1개 더 많이 있습니다. name4관에 있는 name5과 name6은 모두 몇 개일까요?,number0 + ( number0 + number1 ),3 2 ,배구공 축구공 배 체육 배 ,8,0
"참외가 바구니에 10개 들어있고, 접시에 2개 놓여있습니다. 참외는 모두 몇 개일까요?",10 + 2,"참외가 바구니에 number0개 들어있고, 접시에 number1개 놓여있습니다. 참외는 모두 몇 개일까요?",number0 + number1,10 2 ,,12,0
과자 15개를 두 접시에 나누어 담으려고 합니다. 과자를 한 접시에 9개 담으면 다른 접시에는 몇 개 담아야 하는가?,15 - 9,name0 number0개를 두 접시에 나누어 담으려고 합니다. name1를 한 접시에 number1개 담으면 다른 접시에는 몇 개 담아야 하는가?,number0 - number1,15 9 ,과자 ,6,0
체육관에 야구공이 3개 있고 탁구공은 축구공보다 2개 더 적게 있습니다. 체육관에 있는 축구공과 배구공은 모두 몇 개일까요?,3 + ( 3 - 2 ),name0관에 name1이 number0개 있고 name2은 name3보다 number1개 더 적게 있습니다. name4관에 있는 name5과 name6은 모두 몇 개일까요?,number0 + ( number0 - number1 ),3 2 ,배구공 탁구공 야구공 축구공 배 체육 배 ,4,0
책을 번호 순서대로 정리하려고 할 때 28번 책과 30번 책 사이에 꽂아야 하는 책의 번호는 무엇인가요?,28 + 1,책을 번호 순서대로 정리하려고 할 때 number0번 책과 number1번 책 사이에 꽂아야 하는 책의 번호는 name0엇인가요?,number0 + 1,28 30 ,무 ,29,1 (+1 상수)
8명의 어린이가 한 줄로 서있습니다. 민영이가 앞에서 셋째에 서 있다면 민영이의 뒤에는 몇 명의 어린이가 서 있을까요?,8 - 3,number0명의 어린이가 한 줄로 서있습니다. name0이가 앞에서 number1째에 서 있다면 name1이의 뒤에는 몇 명의 어린이가 서 있을까요?,number0 - number1,8 3 ,민영 ,5,0
태형이네 농장에 토끼가 6마리 있었습니다. 아기 토끼 1마리가 태어났다면 농장에 있는 토끼의 수는 얼마인가?,6 + 1,name0이네 농장에 토끼가 number0마리 있었습니다. 아기 토끼 number1마리가 태어났다면 농장에 있는 토끼의 수는 얼마인가?,number0 + number1,6 1 ,태형 ,7,0
9명의 어린이가 한 줄로 서있습니다. 민영이가 뒤에서 셋째에 서 있다면 민영이의 앞에는 몇 명의 어린이가 서 있을까요?,9 - 3,number0명의 어린이가 한 줄로 서있습니다. name0이가 뒤에서 number1째에 서 있다면 name1이의 앞에는 몇 명의 어린이가 서 있을까요?,number0 - number1,9 3 ,민영 ,6,0
딸기를 유정이는 7개 남준이는 8개 먹었습니다. 딸기를 더 많이 먹은 친구는 누구인가요?,'유정' if 7 > 8 else '남준',딸기를 name0이는 number0개 name1이는 number1개 먹었습니다. 딸기를 더 많이 먹은 친구는 누구인가요?,'name0' if number0 > number1 else 'name1',7 8 ,유정 남준 ,남준,0
지민이는 8살입니다. 지민이는 동생보다 한 살 더 많습니다. 동생의 나이는 몇 살인가요?,8 - 1,name0이는 number0살입니다. name1이는 동생보다 한 살 더 많습니다. 동생의 나이는 몇 살인가요?,number0 - 1,8 ,지민 ,7,0
"태형이는 가게에서 초콜릿 3개, 사탕 4개, 빵 1개를 샀습니다. 초콜릿, 사탕, 빵 중에서 태형이가 가장 많이 산 것은 무엇인가?","'초콜릿' if max( 3 , 4 , 1 ) == 3 else ( '사탕' if max( 3 , 4 , 1 ) == 4 else '빵')","name0이는 가게에서 초콜릿 number0개, name1 number1개, name2 number2개를 샀습니다. 초콜릿, name3, name4 중에서 name5이가 가장 많이 산 것은 name6엇인가?","'초콜릿' if max( number0 , number1 , number2 ) == number0 else ( 'name1' if max( number0 , number1 , number2 ) == number1 else 'name3')",3 4 1 ,태형 사탕 무 빵 ,사탕,0
꽃병에 빨간색 장미 2송이와 흰색 장미 6송이가 꽂혀 있습니다. 꽃병에 꽂혀 있는 장미는 모두 몇 송이일까요?,2 + 6,꽃병에 name0 장미 number0송이와 name1 장미 number1송이가 꽂혀 있습니다. 꽃병에 꽂혀 있는 장미는 모두 몇 송이일까요?,number0 + number1,2 6 ,빨간색 흰색 ,8,0
"귤을 현아는 9개, 지훈이는 4개 먹었습니다. 누가 귤을 더 많이 먹었나요?",'현아' if 9 > 4 else '지훈',"name0을 현아는 number0개, 지훈이는 number1개 먹었습니다. 누가 name1을 더 많이 먹었나요?",'현아' if number0 > number1 else '지훈',9 4 ,귤 ,현아,0
교실에 남학생은 없고 여학생만 7명 있습니다. 교실에 있는 학생은 모두 몇 명일까요?,0 + 7,교실에 name0은 없고 name1만 number0명 있습니다. 교실에 있는 학생은 모두 몇 명일까요?,0 + number0,7 ,남학생 여학생 ,7,1 (없고)
"남준이는 구슬을 2개 가지고 있고, 민영이는 남준이보다 구슬을 4개 더 많이 가지고 있습니다. 민영이가 가지고 있는 구슬은 몇 개일까요?",2 + 4,"name0이는 구슬을 number0개 가지고 있고, name1이는 name2이보다 구슬을 number1개 더 많이 가지고 있습니다. name3이가 가지고 있는 구슬은 몇 개일까요?",number0 + number1,2 4 ,민영 남준 ,6,0
빵 5개 중에서 유나가 4개를 먹었습니다. 남은 빵은 몇 개일까요?,5 - 4,name0 number0개 중에서 name1가 number1개를 먹었습니다. 남은 name2은 몇 개일까요?,number0 - number1,5 4 ,유나 빵 ,1,0
"남준이는 장난감 자동차를 5개 가지고 있고, 태형이는 남준이보다 1대 더 적게 가지고 있습니다. 남준이와 태형이가 가지고 있는 장난감 자동차는 모두 몇 대일까요?",5 + ( 5 - 1 ),"name0이는 장난name1 name2를 number0개 가지고 있고, name3이는 name4이보다 number1대 더 적게 가지고 있습니다. name5이와 name6이가 가지고 있는 장난name7 name8는 모두 몇 대일까요?",number0 + ( number0 - number1 ),5 1 ,태형 남준 감 자동차 ,9,0
꽃밭에 벌이 6마리 있었습니다. 벌이 2마리 더 날아왔다면 꽃밭에 있는 벌은 모두 몇 마리인가요?,6 + 2,꽃밭에 벌이 number0마리 있었습니다. 벌이 number1마리 더 날아왔다면 꽃밭에 있는 벌은 모두 몇 마리인가요?,number0 + number1,6 2 ,,8,0
줄기에 오이가 5개 달려 있었습니다. 그 중에서 2개를 따서 먹었습니다. 줄기에 남은 오이는 몇 개인가?,5 - 2,줄기에 name0가 number0개 달려 있었습니다. 그 중에서 number1개를 따서 먹었습니다. 줄기에 남은 name1는 몇 개인가?,number0 - number1,5 2 ,오이 ,3,0
전깃줄에 참새가 7마리 앉아 있었습니다. 그 중에서 3마리가 날아갔습니다. 전깃줄에 남은 참새는 몇 마리인가?,7 - 3,전깃줄에 참새가 number0마리 앉아 있었습니다. 그 중에서 number1마리가 날아갔습니다. 전깃줄에 남은 참새는 몇 마리인가?,number0 - number1,7 3 ,,4,0
흰색 강아지 3마리와 검은색 강아지 5마리가 있습니다. 강아지는 모두 몇 마리인가요?,3 + 5,name0 강아지 number0마리와 name1 강아지 number1마리가 있습니다. 강아지는 모두 몇 마리인가요?,number0 + number1,3 5 ,흰색 검은색 ,8,0
지민이는 인형을 6개 가지고 있습니다. 지민이와 이모가 인형을 똑같이 나누어 가지려면 각각 몇개를 가져야 하나요?,6 / 2,name0이는 인형을 number0개 가지고 있습니다. name1이와 이모가 인형을 똑같이 나누어 가지려면 각각 몇개를 가져야 number1요?,number0 / 2,6 1 ,지민 ,3,0
상자에 초콜릿이 10개씩 묶음 2개와 낱개 3개가 들어 있습니다. 상자에 들어 있는 초콜릿은 모두 몇 개일까요?,10 * 2 + 3,상자에 초콜릿이 number0개씩 묶음 number1개와 낱개 number2개가 들어 있습니다. 상자에 들어 있는 초콜릿은 모두 몇 개일까요?,number0 * number1 + number2,10 2 3 ,,23,0
어린이들이 번호 순서대로 앉아 있습니다. 석진이는 19번이고 남준이는 23번입니다. 석진이와 남준이 사이에 앉아 있는 어린이들의 번호를 모두 합하시오.,"sum( [ i for i in range ( 19 + 1 , 23 ) ] )",어린이들이 번호 순서대로 앉아 있습니다. name0이는 number0번이고 name1이는 number1번입니다. name2이와 name3이 사이에 앉아 있는 어린이들의 번호를 모두 합하시오.,"sum( [ i for i in range ( number0 + 1 , number1 ) ] )",19 23 ,남준 석진 ,63,+1 상수
"3장의 수 카드 1, 3, 4 중에서 2장을 뽑아 한 번씩 사용하여 몇십몇을 만들려고 합니다. 만들 수 있는 수 중에서 34보다 큰 수는 모두 몇 개일까요?","sum( i for i in [ j[0] * 10 + j[1] for j in list( itertools.permutations( [ 1 , 3 , 4 ] , 2 ) ) ] if i > 34 )","number0장의 수 카드 number1, number2, number3 중에서 number4장을 뽑아 한 번씩 사용하여 몇십몇을 만들려고 합니다. 만들 수 있는 수 중에서 number5보다 큰 수는 모두 몇 개일까요?","sum( i for i in [ j[0] * 10 + j[1] for j in list( itertools.permutations( [ number1 , number2 , number3 ] , number4 ) ) ] if i > number5 )",3 1 3 4 2 34 ,,84,"어려운 문제 j[0], j[1] 이런것들 상수"
껌을 지민이는 21개 가지고 있고 호석이는 24개 가지고 있습니다. 껌을 더 많이 가지고 있는 친구는 누구인지 구하시오.,'지민' if 21 > 24 else '호석',껌을 name0이는 number0개 가지고 있고 name1이는 number1개 가지고 있습니다. 껌을 더 많이 가지고 있는 친구는 누구인지 구하시오.,'name1' if number0 > number1 else 'name0',21 24 ,호석 지민 ,호석,0
10개씩 묶음 2개와 낱개 9개인 수 A가 있습니다 A 보다 1만큼 더 작은 수는 얼마인지 구하시오.,10 * 2 + 9 -1,number0개씩 묶음 number1개와 낱개 number2개인 수 name0가 있습니다 name1 보다 number3만큼 더 작은 수는 얼마인지 구하시오.,number0 * number1 + number2 -1,10 2 9 1 ,A ,28,0
어린이 50명이 짝을 지어 놀이를 하였습니다. 한 모듬에 10명씩 짝을 지었다면 모둠을 몇 개 만들 수 있는지 구하시오.,50 / 10,어린이 number0명이 짝을 지어 놀이를 하였습니다. 한 모듬에 number1명씩 짝을 지었다면 모둠을 몇 개 만들 수 있는지 구하시오.,number0 / number1,50 10 ,,5,0
종이배 17개를 두 상자에 나누어 담으려고 합니다. 종이배를 한 상자에 8개 담으면 다른 상자에는 몇 개 담아야 합니까?,17 - 8,종이name0 number0개를 두 상자에 나누어 담으려고 합니다. 종이name1를 한 상자에 number1개 담으면 다른 상자에는 몇 개 담아야 합니까?,number0 - number1,17 8 ,배 배 ,9,0
"동화책을 남준이는 29쪽, 민영이는 35쪽 읽었습니다. 동화책을 더 많이 읽은 친구는 누구인가?",'남준' if 29 > 35 else '민영',"동화책을 name0이는 number0쪽, name1이는 number1쪽 읽었습니다. 동화책을 더 많이 읽은 친구는 누구인가?",'name1' if number0 > number1 else 'name0',29 35 ,민영 남준 ,민영,0
귤 13개를 두 접시에 나누어 담으려고 합니다. 귤을 한 접시에 5개 담으면 다른 접시에는 몇 개 담아야 하는지 구하시오.,13 - 5,name0 number0개를 두 접시에 나누어 담으려고 합니다. name1을 한 접시에 number1개 담으면 다른 접시에는 몇 개 담아야 하는지 구하시오.,number0 - number1,13 5 ,귤 ,8,0
"구슬을 유나가 46개, 유정이가 39개 가지고 있습니다. 구슬을 더 많이 가지고 있는 친구는 누구인지 구하시오.",'유나' if 46 > 39 else '유정',"구슬을 name0가 number0개, name1이가 number1개 가지고 있습니다. 구슬을 더 많이 가지고 있는 친구는 누구인지 구하시오.",'name0' if number0 > number1 else 'name1',46 39 ,유나 유정 ,유나,0
서른 둘보다 1만큼 더 큰 수는 무엇인가?,32 + 1,서른 number0보다 number1만큼 더 큰 수는 name0엇인가?,32 + number1,2 1 ,무 ,33,서른 둘
탁구공이 10개씩 묶음 3개와 낱개 18개가 있습니다. 탁구공은 모두 몇 개인가요?,10 * 3 + 18,name0이 number0개씩 묶음 number1개와 낱개 number2개가 있습니다. name1은 모두 몇 개인가요?,number0 * number1 + number2,10 3 18 ,탁구공 ,48,0
"바구니에 사과가 4개, 배가 5개 들어있습니다. 바구니에 있는 사과와 배는 모두 몇 개일까요?",4 + 5,"바구니에 name0가 number0개, name1가 number1개 들어있습니다. 바구니에 있는 name2와 name3는 모두 몇 개일까요?",number0 + number1,4 5 ,사과 배 배 ,9,0
"색종이를 태형이는 5장, 호석이는 8장 가지고 있습니다. 색종이를 더 많이 가지고 있는 친구는 누구인가?",'태형' if 5 > 8 else '호석',"색종이를 name0이는 number0장, name1이는 number1장 가지고 있습니다. 색종이를 더 많이 가지고 있는 친구는 누구인가?",'name0' if number0 > number1 else 'name1',5 8 ,태형 호석 ,호석,0
구슬을 한 상자에 10개씩 담으니 2상자가 되고 3개가 남았습니다. 구슬은 모두 몇 개입니까?,10 * 2 + 3,구슬을 한 상자에 number0개씩 담으니 number1상자가 되고 number2개가 남았습니다. 구슬은 모두 몇 개입니까?,number0 * number1 + number2,10 2 3 ,,23,0
학생들이 번호 순서대로 섰습니다. 유정이는 17번이고 남준이는 21번입니다. 유정이와 남준이 사이에 서 있는 학생들의 번호의 합을 구하시오.,"sum( [ i for i in range( 17 + 1 , 21 ) ] )",학생들이 번호 순서대로 섰습니다. name0이는 number0번이고 name1이는 number1번입니다. name2이와 name3이 사이에 서 있는 학생들의 번호의 합을 구하시오.,"sum( [ i for i in range( number0 + 1 , number1 ) ] )",17 21 ,유정 남준 ,57,0
백합이 30송이 있습니다. 한 묶음에 10송이씩 묶는다면 몇 묶음을 만들 수 있는가?,30 / 10,백합이 number0송이 있습니다. 한 묶음에 number1송이씩 묶는다면 몇 묶음을 만들 수 있는가?,number0 / number1,30 10 ,,3,0
"남준이는 우표를 100장씩 8묶음, 10장씩 2묶음 낱개로 5장 가지고 있습니다. 남준이가 가지고 있는 우표는 모두 몇 장인가?",100 * 8 + 10 * 2 + 5,"name0이는 우표를 number0장씩 number1묶음, number2장씩 number3묶음 낱개로 number4장 가지고 있습니다. name1이가 가지고 있는 우표는 모두 몇 장인가?",number0 * number1 + number2 * number3 + number4,100 8 10 2 5 ,남준 ,825,0
한 통에 10개씩 들어 있는 단추가 60통 있습니다. 단추는 모두 몇 개일까요?,60 * 10,number0통에 number1개씩 들어 있는 단추가 number2통 있습니다. 단추는 모두 몇 개일까요?,number2 * number1,1 10 60 ,,600,0
"석진이는 감자를 35개 캤고, 남준이는 36개 캤습니다. 두 사람이 캔 감자는 모두 몇 개입니까?",35 + 36,"name0이는 name1자를 number0개 캤고, name2이는 number1개 캤습니다. 두 사람이 캔 name3자는 모두 몇 개입니까?",number0 + number1,35 36 ,남준 석진 감 ,71,0
벌집에 꿀벌이 80마리 있었는데 51마리가 날아갔습니다. 벌집에 남아 있는 꿀벌은 몇 마리일까요?,80 - 51,벌집에 꿀벌이 number0마리 있었는데 number1마리가 날아갔습니다. 벌집에 남아 있는 꿀벌은 몇 마리일까요?,number0 - number1,80 51 ,,29,0
사육사는 바나나를 35개 가지고 있습니다. 원숭이에게 18개를 주면 남는 바나나는 몇 개일까요?,35 - 18,사육사는 바나나를 number0개 가지고 있습니다. 원숭이에게 number1개를 주면 남는 바나나는 몇 개일까요?,number0 - number1,35 18 ,,17,0
호석이는 88쪽짜리 만화책을 59쪽까지 읽었습니다. 만화책을 끝까지 읽으려면 몇 쪽을 더 읽으면 되는가?,88 - 59,name0이는 number0쪽짜리 만화책을 number1쪽까지 읽었습니다. 만화책을 끝까지 읽으려면 몇 쪽을 더 읽으면 되는가?,number0 - number1,88 59 ,호석 ,29,0
생일잔치에 여자 친구가 7명 오고 남자 친구가 몇 명 더 와서 친구들은 모두 12명이 되었습니다. 남자 친구는 몇 명입니까?,12 - 7,생일잔치에 여자 친구가 number0명 오고 남자 친구가 몇 명 더 와서 친구들은 모두 number1명이 되었습니다. 남자 친구는 몇 명입니까?,number1 - number0,7 12 ,,5,0
주차장에 자동차가 44대 있었습니다. 자동차 15대가 빠져나가고 28대가 들어왔습니다. 주차장에 있는 자동차는 몇 대일까요?,44 - 15 + 28,주차장에 name0가 number0대 있었습니다. name1 number1대가 빠져나가고 number2대가 들어왔습니다. 주차장에 있는 name2는 몇 대일까요?,number0 - number1 + number2,44 15 28 ,자동차 ,57,0
"빨간 구슬이 56개, 파란 구슬이 26개 있습니다. 노란 구슬은 빨간 수글과 파란 구슬을 합한 것보다 18개 더 적습니다. 노란 구슬은 몇개인가?",56 + 26 - 18,"빨간 구슬이 number0개, 파란 구슬이 number1개 있습니다. 노란 구슬은 빨간 수글과 파란 구슬을 합한 것보다 number2개 더 적습니다. 노란 구슬은 몇개인가?",number0 + number1 - number2,56 26 18 ,,64,0
유정이는 가지고 있던 귤 중에서 13개를 먹었더니 18개가 남았습니다. 유정이가 처음에 가지고 있던 귤은 몇개인가요?,13 + 18,name0이는 가지고 있던 name1 중에서 number0개를 먹었더니 number1개가 남았습니다. name2이가 처음에 가지고 있던 name3은 몇개인가요?,number0 + number1,13 18 ,유정 귤 ,31,0
"버스에 23명이 타고 있었습니다. 정류장에 도착하여 5명이 내리고, 13명이 탔습니다. 지금 버스에 타고 있는 사람은 몇 명인가요?",23 - 5 + 13,"name0에 number0명이 타고 있었습니다. 정류장에 도착하여 number1명이 내리고, number2명이 탔습니다. 지금 name1에 타고 있는 사람은 몇 명인가요?",number0 - number1 + number2,23 5 13 ,버스 ,31,0
"빨대로 밧줄과 지팡이의 길이를 재었습니다. 빨대로 잰 횟수가 밧줄은 9번, 지팡이는 8번이었습니다. 밧줄과 지팡이 중에서 길이가 더 긴 것은 무엇인가요?",'지팡이' if 9 > 8 else '밧줄',"빨대로 밧줄과 지팡이의 길이를 재었습니다. 빨대로 잰 횟수가 밧줄은 number0번, 지팡이는 number1번이었습니다. 밧줄과 지팡이 중에서 길이가 더 긴 것은 name0엇인가요?",'지팡이' if number0 > number1 else '밧줄',9 8 ,무 ,지팡이,0
동화책의 긴 쪽의 길이는 길이가 1cm인 나뭇조각으로 20번입니다. 동화책의 긴 쪽의 길이는 몇 cm인가요?,1 * 20,동화책의 긴 쪽의 길이는 길이가 number0cm인 나뭇조각으로 number1번입니다. 동화책의 긴 쪽의 길이는 몇 cm인가요?,number0 * number1,1 20 ,,20,0
과학책의 짧은 쪽의 길이는 길이가 1cm인 공깃돌로 15번입니다. 과학책의 짧은 쪽의 길이는 몇 cm인가요?,1 * 15,name0책의 짧은 쪽의 길이는 길이가 number0cm인 공깃돌로 number1번입니다. name1책의 짧은 쪽의 길이는 몇 cm인가요?,number0 * number1,1 15 ,과학 ,15,0
유정이의 나이는 9살입니다. 선생님의 나이는 유정이 나이의 3배입니다. 선생님의 나이는 몇살인가요?,9 * 3,name0이의 나이는 number0살입니다. 선생님의 나이는 name1이 나이의 number1name2입니다. 선생님의 나이는 몇살인가요?,number0 * number1,9 3 ,유정 배 배 ,27,0
상자에 음료수가 한 줄에 8개씩 5줄 들어있습니다. 상자에 들어있는 음료수는 모두 몇 개인가?,8 * 5,상자에 name0가 한 줄에 number0개씩 number1줄 들어있습니다. 상자에 들어있는 name1는 모두 몇 개인가?,number0 * number1,8 5 ,음료수 ,40,0
5명의 학생들이 가위바위보를 합니다. 모두 가위를 냈을 때 펼친 손가락은 몇 개일까요?,5 * 2,number0명의 학생들이 가위바위보를 합니다. 모두 가위를 냈을 때 펼친 손가락은 몇 개일까요?,number0 * 2,5 ,,10,1 (가위바위보)
"가위바위보를 하는데 유정이는 가위, 남준이는 바위, 태형이는 보를 냈을 때 펼친 손가락은 몇 개일까요?",2 + 0 + 5,"가위바위보를 하는데 name0이는 가위, name1이는 바위, name2이는 보를 냈을 때 펼친 손가락은 몇 개일까요?",2 + 0 + 5,,유정 태형 남준 ,7,1 (가위바위보)
"유정, 윤기, 호석, 태형이가 가위바위보를 할 때 유정이와 윤기는 가위를 내고 호석이와 태형이는 보를 냈을 때 펼친 손가락은 몇 개일까요?",2 * 2 + 2 * 5,"name0, name1, name2, name3이가 가위바위보를 할 때 name4이와 name5는 가위를 내고 name6이와 name7이는 보를 냈을 때 펼친 손가락은 몇 개일까요?",2 * 2 + 2 * 5,,유정 태형 윤기 호석 ,14,1 (가위바위보)
가위바위보를 할 때 남준이는 보를 내고 유나는 바위를 냈다. 펼친 손가락은 몇 개인가?,5 + 0,가위바위보를 할 때 name0이는 보를 내고 name1는 바위를 냈다. 펼친 손가락은 몇 개인가?,5 + 0,,유나 남준 ,5,1 (가위바위보)
호석이와 석진이가 가위바위보를 하는데 둘 다 바위를 냈다. 펼친 손가락은 몇 개인가?,0 * 2,name0이와 name1이가 가위바위보를 하는데 number0 다 바위를 냈다. 펼친 손가락은 몇 개인가?,0 * number0,2 ,호석 석진 ,0,1 (가위바위보)
5명의 학생이 가위바위보를 할 때 3명이 가위를 내고 1명이 보를 내고 1명이 바위를 냈을 때 펼친 손가락은 몇 개일까요?,3 * 2 + 1 * 5 + 1 * 0,number0명의 학생이 가위바위보를 할 때 number1명이 가위를 내고 number2명이 보를 내고 number3명이 바위를 냈을 때 펼친 손가락은 몇 개일까요?,number1 * 2 + number3 * number0 + number3 * 0,5 3 1 1 ,,11,1 (가위바위보)
버스 터미널에 버스가 52대 있었습니다. 버스 24대가 빠져나가고 19대가 들어왔습니다. 버스 터미널에 있는 버스는 몇 대일까요?,52 - 24 + 19,name0 터미널에 name1가 number0대 있었습니다. name2 number1대가 빠져나가고 number2대가 들어왔습니다. name3 터미널에 있는 name4는 몇 대일까요?,number0 - number1 + number2,52 24 19 ,버스 ,47,0
"밤이 35개, 호두가 55개 있습니다. 땅콩은 밤과 호두를 합한 것보다 29개 더 적습니다. 땅콩은 몇개인가요?",35 + 55 - 29,"밤이 number0개, 호두가 number1개 있습니다. 땅콩은 밤과 호두를 합한 것보다 number2개 더 적습니다. 땅콩은 몇개인가요?",number0 + number1 - number2,35 55 29 ,,61,0
어떤 수에서 10씩 4번 뛰어서 세었더니 969가 되었습니다. 어떤 수는 얼마일까요?,969 - 10 * 4,어떤 수에서 number0씩 number1번 뛰어서 세었더니 number2가 되었습니다. 어떤 수는 얼마일까요?,number2 - number0 * number1,10 4 969 ,,929,0
놀이공원에 입장한 남자 어린이는 79명이고 여자 어린이는 55명입니다. 오늘 놀이공원에 입장한 어린이는 모두 몇 명일까요?,79 + 55,놀이공원에 입장한 남자 어린이는 number0명이고 여자 어린이는 number1명입니다. 오늘 놀이공원에 입장한 어린이는 모두 몇 명일까요?,number0 + number1,79 55 ,,134,0
버스에 19명이 타고 있었습니다. 다음 정류장에서 몇 명이 탔더니 32명이 되었습니다. 다음 정류장에서 탄 사람은 몇 명인가요?,32 - 19,name0에 number0명이 타고 있었습니다. 다음 정류장에서 몇 명이 탔더니 number1명이 되었습니다. 다음 정류장에서 탄 사람은 몇 명인가요?,number1 - number0,19 32 ,버스 ,13,0
다람쥐는 도토리 80개 중에서 어제는 29개 먹었고 오늘은 16개 먹었습니다. 지금 다람쥐가 가지고 있는 도토리는 몇 개인지 구하시오.,80 - 29 - 16,다람쥐는 도토리 number0개 중에서 어제는 number1개 먹었고 오늘은 number2개 먹었습니다. 지금 다람쥐가 가지고 있는 도토리는 몇 개인지 구하시오.,number0 - number1 - number2,80 29 16 ,,35,0
"목장에 수퇘지가 28마리 있고, 암퇘지는 수퇘지보다 7마리 더 많습니다. 목장에 있는 돼지는 모두 몇 마리입니까?",28 + ( 28 + 7 ),"목장에 수퇘지가 number0마리 있고, 암퇘지는 수퇘지보다 number1마리 더 많습니다. 목장에 있는 돼지는 모두 몇 마리입니까?",number0 + ( number0 + number1 ),28 7 ,,63,0
남준이의 한 뼘의 길이는 13cm입니다. 식탁의 짧은 쪽의 길이를 재었더니 뼘으로 5번이었습니다. 이 식탁의 짧은 쪽의 길이는 몇 cm 인가요?,13 * 5,name0이의 한 뼘의 길이는 number0cm입니다. 식탁의 짧은 쪽의 길이를 재었더니 뼘으로 number1번이었습니다. 이 식탁의 짧은 쪽의 길이는 몇 cm 인가요?,number0 * number1,13 5 ,남준 ,65,0
필통의 긴 쪽의 길이는 길이가 6cm인 지우개로 3번입니다. 이 필통의 긴 쪽의 길이는 몇 cm 인가요?,6 * 3,필통의 긴 쪽의 길이는 길이가 number0cm인 지우개로 number1번입니다. 이 필통의 긴 쪽의 길이는 몇 cm 인가요?,number0 * number1,6 3 ,,18,0
우유가 한 상자에 9개씩 들어 있습니다. 우유 7상자 중에서 3상자를 팔았습니다. 남아 있는 우유는 몇 개일까요?,9 * ( 7 - 3 ),name0가 한 상자에 number0개씩 들어 있습니다. name1 number1상자 중에서 number2상자를 팔았습니다. 남아 있는 name2는 몇 개일까요?,number0 * ( number1 - number2 ),9 7 3 ,우유 ,36,0
4명의 학생들이 가위바위보를 합니다. 모두 가위를 냈을 때 펼친 손가락은 몇 개인가요?,4 * 2,number0명의 학생들이 가위바위보를 합니다. 모두 가위를 냈을 때 펼친 손가락은 몇 개인가요?,number0 * 2,4 ,,8,1 (가위바위보)
6명의 학생들이 가위바위보를 합니다. 모두 보를 냈을 때 펼친 손가락은 몇 개인가요?,6 * 5,number0명의 학생들이 가위바위보를 합니다. 모두 보를 냈을 때 펼친 손가락은 몇 개인가요?,number0 * 5,6 ,,30,1 (가위바위보)
"유나는 100원짜리 동전 5개, 10원짜리 동전 12개, 1원짜리 동전 7개를 가지고 있습니다. 유나가 가지고 있는 돈은 모두 얼마일까요?",100 * 5 + 10 * 12 + 7 * 1,"name0는 number0원짜리 동전 number1개, number2원짜리 동전 number3개, number4원짜리 동전 number5개를 가지고 있습니다. name1가 가지고 있는 돈은 모두 얼마일까요?",number0 * number1 + number2 * number3 + number5 * number4,100 5 10 12 1 7 ,유나 ,627,0
공책을 태형이는 54권 가지고 있고 호석이는 태형이보다 17권 더 많이 가지고 있습니다. 민영이가 호석이보다 공책을 26권 적게 가지고 있다면 민영이가 가지고 있는 공책은 몇 권일까요?,54 + 17 - 26,공책을 name0이는 number0권 가지고 있고 name1이는 name2이보다 number1권 더 많이 가지고 있습니다. name3이가 name4이보다 공책을 number2권 적게 가지고 있다면 name5이가 가지고 있는 공책은 몇 권일까요?,number0 + number1 - number2,54 17 26 ,민영 태형 호석 ,45,0
두발자전거 7대와 세발자전거 6대의 바퀴는 모두 몇 개인가요?,2 * 7 + 3 * 6,두발name0 number0대와 세발name1 number1대의 바퀴는 모두 몇 개인가요?,2 * number0 + 3 * number1,7 6 ,자전거 ,32,"1 (두발자전거, 세발자전거)"
남준이는 방울토마토를 따서 한 바구니에 214개씩 담았습니다. 2바구니에 담은 방울토마토는 모두 몇 개입니까?,214 * 2,name0이는 방울name1를 따서 한 바구니에 number0개씩 담았습니다. number1바구니에 담은 방울name2는 모두 몇 개입니까?,number0 * number1,214 2 ,남준 토마토 ,428,0
놀이공원에 있는 열차의 초등학생 요금은 750원입니다. 초등학생 5명이 열차를 타려면 얼마를 내야합니까?,750 * 5,놀이공원에 있는 number0차의 초등학생 요금은 number1원입니다. 초등학생 number2명이 number3차를 타려면 얼마를 내야합니까?,number1 * number2,10 750 5 10 ,,3750,0
달걀이 한 판에 30개씩 들어있습니다. 40판에 들어있는 달걀은 모두 몇 개입니까?,30 * 40,name0이 한 판에 number0개씩 들어있습니다. number1판에 들어있는 name1은 모두 몇 개입니까?,number0 * number1,30 40 ,달걀 ,1200,0
호석이네 학교 도서관에는 책을 112권씩 꽂인 책꽂이가 4개 있습니다. 호석이네 학교 도서관에 있는 책은 모두 몇 권입니까?,112 * 4,name0이네 학교 name1에는 책을 number0권씩 꽂인 책꽂이가 number1개 있습니다. name2이네 학교 name3에 있는 책은 모두 몇 권입니까?,number0 * number1,112 4 ,호석 도서관 ,448,0
(라)아파트는 25층이고 한 층에 15가구씩 살고 있습니다. (라)아파트에는 모두 몇 가구가 살고 있습니까?,25 * 15,name0아파트는 number0층이고 한 층에 number1가구씩 살고 있습니다. name1아파트에는 모두 몇 가구가 살고 있습니까?,number0 * number1,25 15 ,(라) ,375,0
고모가 민영이에게 미국 돈 7달러를 용돈으로 주셨습니다. 미국 돈 1달러는 우리나라 돈 991원과 같습니다. 민영이가 받은 돈은 우리나라 돈으로 얼마입니까?,7 * 991,고모가 name0이에게 미국 돈 number0달러를 용돈으로 주셨습니다. 미국 돈 number1달러는 우리나라 돈 number2원과 같습니다. name1이가 받은 돈은 우리나라 돈으로 얼마입니까?,number0 * number2,7 1 991 ,민영 ,6937,0
한번에 16명씩 탈 수 있는 놀이기구가 있습니다. 빈자리 없이 31번 운행하면 모두 몇 명이 탈 수 있습니까?,16 * 31,한번에 number0명씩 탈 수 있는 놀이기구가 있습니다. 빈자리 없이 number1번 운행하면 모두 몇 명이 탈 수 있습니까?,number0 * number1,16 31 ,,496,0
영미네 집에서 작은아버지 댁까지의 거리는 121km이고 영미네 집에서 할아버지 댁까지의 거리는 작은아버지 댁까지의 거리의 3배입니다. 영미네 집에서 할아버지 댁까지의 거리는 몇 km입니가?,121 * 3,영미네 집에서 작은아버지 댁까지의 거리는 number0km이고 영미네 집에서 할아버지 댁까지의 거리는 작은아버지 댁까지의 거리의 number1name0입니다. 영미네 집에서 할아버지 댁까지의 거리는 몇 km입니가?,number0 * number1,121 3 ,배 배 ,363,0
"종이학을 하루에 14개씩 접으려고 합니다. 1주일에 7일씩, 6주 동안 접을 수 있는 종이학은 모두 몇 개입니까?",14 * 7 * 6,"종이학을 하루에 number0개씩 접으려고 합니다. number1주일에 number2일씩, number3주 동안 접을 수 있는 종이학은 모두 몇 개입니까?",number0 * number2 * number3,14 1 7 6 ,,588,1 (6주)
체육 시간에 학생 64명이 2모둠으로 똑같이 나누어 줄다리기를 하려고 합니다. 한 모둠을 몇 명으로 하면 됩니까?,32,name0 시간에 학생 number0명이 number1모둠으로 똑같이 나누어 줄다리기를 하려고 합니다. 한 모둠을 몇 명으로 하면 됩니까?,32,64 2 ,체육 ,32,0
길이가 89cm인 끈을 8cm씩 똑같이 잘라서 리본을 만들려고 합니다. 리본을 몇 개까지 만들 수 있나요?,89 // 8,길이가 number0cm인 끈을 number1cm씩 똑같이 잘라서 리본을 만들려고 합니다. 리본을 몇 개까지 만들 수 있나요?,number0 // number1,89 8 ,,11,0
사과 167개를 3상자에 똑같이 나누어 담으려고 합니다. 사과를 한 상자에 몇 개씩 담을 수 있습니까?,167 // 3,name0 number0개를 number1상자에 똑같이 나누어 담으려고 합니다. name1를 한 상자에 몇 개씩 담을 수 있습니까?,number0 // number1,167 3 ,사과 ,55,0
1부터 9까지의 수 중 48을 나누어떨어지게 하는 수를 모두 합하여라.,"sum( i for i in range( 1 , 9 + 1 ) if 48 % i == 0 )",number0부터 number1까지의 수 중 number2을 나누어떨어지게 하는 수를 모두 합하여라.,"sum( i for i in range( number0 , number1 + number0 ) if number2 % i == 0 )",1 9 48 ,,24,+1 상수
연필이 한 타에 12자루씩 8타 있습니다. 이 연필을 연필꽂이 한 개에 7자루씩 꽂을 때 남는 것 없이 모두 꽂으려면 연필꽂이는 적어도 몇 개 필요한가?,12 * 8 // 7 + 1 if 12 * 8 % 7 != 0 else 12 * 8 // 7,연필이 한 타에 number0자루씩 number1타 있습니다. 이 연필을 연필꽂이 number2개에 number3자루씩 꽂을 때 남는 것 없이 모두 꽂으려면 연필꽂이는 적어도 몇 개 필요한가?,number0 * number1 // number3 + number2 if number0 * number1 % number3 != 0 else number0 * number1 // number3,12 8 1 7 ,,14,1 (8타)+1 상수
장미가 한 묶음에 8송이씩 16묶음 있습니다. 이 장미를 꽃병 한 개에 5송이씩 꽂을 때 남는 것 없이 모두 꽂으려면 꽃병은 적어도 몇 개 필요한지 구해 보시오.,8 * 16 // 5 + 1 if 8 * 16 % 5 != 0 else 8 * 16 // 6,장미가 한 묶음에 number0송이씩 number1묶음 있습니다. 이 장미를 꽃병 number2개에 number3송이씩 꽂을 때 남는 것 없이 모두 꽂으려면 꽃병은 적어도 몇 개 필요한지 구해 보시오.,number0 * number1 // number3 + number2 if number0 * number1 % number3 != 0 else number0 * number1 // 6,8 16 1 5 ,,26,+1 상수
길이가 52cm인 철사를 남김없이 겹치지 않게 사용하여 정사각형 한 개를 만들었습니다. 만든 정사각형의 한 변은 몇 cm입니까?,52 / 4,길이가 number0cm인 철사를 남김없이 겹치지 않게 사용하여 정사각형 number1개를 만들었습니다. 만든 정사각형의 한 변은 몇 cm입니까?,number0 / 4,52 1 ,,13,정사각형
1부터 9까지의 수 중 32를 나누어떨어지게 하는 수를 모두 더하시오.,"sum( i for i in range( 1 , 9 + 1 ) if 32 % i == 0 )",number0부터 number1까지의 수 중 number2를 나누어떨어지게 하는 수를 모두 더하시오.,"sum( i for i in range( number0 , number1 + number0 ) if number2 % i == 0 )",1 9 32 ,,15,+1 상수
동화책을 재희가 하루에 9쪽씩 15일 동안 읽었더니 모두 읽었습니다. 이 동화책을 동생이 하루에 4쪽씩 읽으면 모두 읽는 데 적어도 며칠이 걸리겠습니까?,9 * 15 // 4 + 1 if 9 * 15 % 4 != 0 else 9 * 15 // 4,동화책을 재희가 하루에 number0쪽씩 number1일 동안 읽었더니 모두 읽었습니다. 이 동화책을 동생이 하루에 number2쪽씩 읽으면 모두 읽는 데 적어도 며칠이 걸리겠습니까?,number0 * number1 // number2 + 1 if number0 * number1 % number2 != 0 else number0 * number1 // number2,9 15 4 ,,34,+1 상수
"영어 문제집의 무게는 1kg300g이고, 국어 문제집의 무게는 1kg700g입니다. 두 문제집의 무게는 모두 몇 kg입니까?",( 1 * 1000 + 300 + 1 * 1000 + 700 ) / 1000,"name0 문제집의 name1게는 number0kgnumber1g이고, name2 문제집의 name3게는 number2kgnumber3g입니다. 두 문제집의 name4게는 모두 몇 kg입니까?",( number2 * 1000 + number1 + number2 * 1000 + number3 ) / 1000,1 300 1 700 ,무 국어 영어 ,3,1000상수(무게변환)
10kg까지 담을 수 있는 가방이 있습니다. 이 가방에  4kg50g의 물건이 담겨 있다면 몇 몇 g을 더 담을 수 있습니까?,10 * 1000 - ( 4 * 1000 + 50 ),number0kg까지 담을 수 있는 가방이 있습니다. 이 가방에  number1kgnumber2g의 물건이 담겨 있다면 몇 몇 g을 더 담을 수 있습니까?,number0 * 1000 - ( number1 * 1000 + number2 ),10 4 50 ,,5950,1000상수(무게변환)
욕조에 물이 8l 들어 있었습니다. 하루에 750ml씩 3일 동안 사용하였다면 욕조에 남아 있는 물의 양은 몇 ml입니까?,8 * 1000 - 750 * 3,욕조에 물이 number0l 들어 있었습니다. 하루에 number1ml씩 number2일 동안 사용하였다면 욕조에 남아 있는 물의 양은 몇 ml입니까?,number0 * 1000 - number1 * number2,8 750 3 ,,5750,1000상수 (들이변환)
수조에 물이 9L 들어 있었습니다. 물통에 850mL씩 담아 4번 덜어 냈다면 수조에 남아 있는 물의 양은 몇 ml입니까?,9 * 1000 - 850 * 4,수조에 물이 number0name0 들어 있었습니다. 물통에 number1mname1씩 담아 number2번 덜어 냈다면 수조에 남아 있는 물의 양은 몇 ml입니까?,number0 * 1000 - number1 * number2,9 850 4 ,L ,5600,1000상수 (들이변환)
무게가 똑같은 음료수 4개를 담은 상자의 무게가 1kg950g입니다. 상자만의 무게가 350g이라면 음료수 한 개의 무게는 몇 g인지 구해 보시오.,( 1 * 1000 + 950 - 350 ) / 4,name0게가 똑같은 name1 number0개를 담은 상자의 name2게가 number1kgnumber2g입니다. 상자만의 name3게가 number3g이name4 name5 number4개의 name6게는 몇 g인지 구해 보시오.,( number4 * 1000 + number2 - number3 ) / number0,4 1 950 350 1 ,무 라면 음료수 ,400,1000상수(무게변환)
무게가 똑같은 동화책 5권을 담은 가방의 무게가 3kg700g입니다. 가방만의 무게가 1kg200g이라면 동화책 한 권의 무게는 몇 g인지 구해 보시오.,( ( ( 3 * 1000 + 700 ) - ( 1 * 1000 + 200 ) ) / 5 ),name0게가 똑같은 동화책 number0권을 담은 가방의 name1게가 number1kgnumber2g입니다. 가방만의 name2게가 number3kgnumber4g이name3 동화책 한 권의 name4게는 몇 g인지 구해 보시오.,( ( ( number1 * 1000 + number2 ) - ( number3 * 1000 + number4 ) ) / number0 ),5 3 700 1 200 ,무 라면 ,500,1000상수(무게변환)
두 자리 수의 덧셈식 'A4+2B=69'에서 A에 해당하는 숫자를 쓰시오.,"[ i for i in range( 1 , 10 ) for j in range( 0 , 10 ) if ( 10 * i + 4 ) + ( 10 * 2 + j ) == 69 ] [0]",number0자리 수의 덧셈식 'name0number1+number2name1=number3'에서 name2에 해당하는 숫자를 쓰시오.,"[ i for i in range( 1 , 10 ) for j in range( 0 , 10 ) if ( 10 * i + number1 ) + ( 10 * number2 + j ) == number3 ] [0]",2 4 2 69 ,A B ,4,"1(range(맨 첫째자리는 0이 될수 없기에), [0], 자리 수 표현, 어려운 문제)"
"A를 8로 나누면 몫은 B이고 나머지는 C가 됩니다. A, B, C는 자연수입니다. 이 식에서 몫과 나머지가 같습니다. 나누어지는 수 A 중 가장 큰 수를 구하시오.",( 8 - 1 ) * ( 8 + 1 ),"name0를 number0로 나누면 몫은 name1이고 나머지는 name2가 됩니다. name3, name4, name5는 자연수입니다. 이 식에서 몫과 나머지가 같습니다. 나누어지는 수 name6 중 가장 큰 수를 구하시오.",( number0 - 1 ) * ( number0 + 1 ),8 ,A B C ,63,"1(문제 식으로 정리하면 +1, -1 필요함)"
"서로 다른 두 자연수 A, B가 있습니다. 'A+B=30', 'A=B+B+B+B'일 때, A를 구하시오.",30 / ( 4 + 1 ),"서로 다른 두 자연수 name0, name1가 있습니다. 'name2+name3=number0', 'name4=name5+name6+name7+name8'일 때, name9를 구하시오.",number0 / ( 4 + 1 ),30 ,A B ,6,"1(B의 개수 1개, 4개)"
"1, 17, 33, 49, 65와 같은 규칙에서 25번째 놓을 수와 40번째 놓일 수를 각각 A와 B라 할 때, B-A를 구하시오.","( [ 1 , 17 , 33 , 49 , 65 ] [1] - [ 1 , 17 , 33 , 49 , 65 ] [0] ) * ( 40 - 25 )","number0, number1, number2, number3, number4와 같은 규칙에서 number5번째 놓을 수와 number6번째 놓일 수를 각각 name0와 name1라 할 때, name2-name3를 구하시오.","( [ number0 , number1 , number2 , number3 , number4 ] [1] - [ number0 , number1 , number2 , number3 , number4 ] [0] ) * ( number6 - number5 )",1 17 33 49 65 25 40 ,A B ,240,"1(공차 구할 때 [1],[0])"
"자연수를 규칙에 따라 4, 7, 10, A, 16, 19로 배열하였습니다. A에 알맞은 수를 구하시오.","( [ 4 , 7 , 10 ] [-1] + [ 16 , 19 ] [0] ) / 2","자연수를 규칙에 따라 number0, number1, number2, name0, number3, number4로 name1number5하였습니다. name2에 알맞은 수를 구하시오.","( [ number0 , number1 , number5 ] [-1] + [ number3 , number4 ] [0] ) / 2",4 7 10 16 19 10 ,A 배 배 ,13,"1(인덱싱, /2)"
"1,2,3,4,5,6,7,1,2,3,4,5,6,7과 같이 반복되는 수열이 있습니다. 왼쪽에서 57째 번 숫자는 무엇입니까?","[ 1 , 2 , 3 , 4 , 5 , 6 , 7 ] [ 57 % 7 - 1 ]","number0,number1,number2,number3,number4,number5,number6,number7,number8,number9,number10,number11,number12,number13과 같이 반복되는 수number14이 있습니다. 왼쪽에서 number15째 번 숫자는 name0엇입니까?","[ number7 , number8 , number9 , number10 , number11 , number12 , number13 ] [ number15 % number13 - number7 ]",1 2 3 4 5 6 7 1 2 3 4 5 6 7 10 57 ,무 ,1,1(인덱싱이라 -1)
"왼쪽부터 흰색 공 1개, 노란색 공 2개, 빨간색 공 3개가 반복되어 놓여 있습니다. 58째 번 공의 색깔을 쓰시오.","( [ ""흰색"" ] * 1 + [ ""노란색"" ] * 2 + [ ""빨간색"" ] * 3 ) [ 58 % ( 1 + 2 + 3 ) - 1 ]","왼쪽부터 name0 공 number0개, name1 공 number1개, name2 공 number2개가 반복되어 놓여 있습니다. number3째 번 공의 색깔을 쓰시오.","( [ ""name2"" ] * number0 + [ ""name0"" ] * number1 + [ ""name1"" ] * number2 ) [ number3 % ( number0 + number1 + number2 ) - number0 ]",1 2 3 58 ,노란색 빨간색 흰색 ,'빨간색',1(인덱싱이라 -1)
"100개의 사탕을 태형, 남준, 윤기 3명에게 순서대로 두 개씩 나누어 줍니다. 91번째 사탕을 받는 사람은 누구입니까?","( [ ""태형"" ] * 2 + [ ""남준"" ] * 2 + [ ""윤기"" ] * 2 ) [ 91 % ( 3 * 2 ) - 1 ]","number0개의 name0을 name1, name2, name3 number1명에게 순서대로 number2개씩 나누어 줍니다. number3번째 name4을 받는 사람은 누구입니까?","( [ ""name0"" ] * number2 + [ ""name1"" ] * number2 + [ ""name2"" ] * number2 ) [ number3 % ( number1 * number2 ) - 1 ]",100 3 2 91 ,태형 남준 윤기 사탕 ,'태형',"1(인덱싱이라 -1, 두 개)"
정국이는 4와 4를 모았습니다. 지민이는 3과 6을 모았습니다. 누가 모은 수가 더 큽니까?,"""정국"" if 4 + 4 > 3 + 6 else ""지민""",name0이는 number0와 number1를 모았습니다. name1이는 number2과 number3을 모았습니다. 누가 모은 수가 더 큽니까?,"""name0"" if number1 + number1 > number2 + number3 else ""name1""",4 4 3 6 ,정국 지민 ,지민,0
"5개의 수 1.4, 9/10, 1.1, 0.5, 13/10이 있습니다. 이 중에서 0.9보다 큰 수는 모두 몇 개입니까?","len( [ i for i in [ 1.4 , 9/10 , 1.1 , 0.5 , 13/10 ] if i > 0.9 ] )","number0개의 수 number1, number2, number3, number4, number5이 있습니다. 이 중에서 number6보다 큰 수는 모두 몇 개입니까?","len( [ i for i in [ number1 , number2 , number3 , number4 , number5 ] if i > number6 ] )",5 1.4 9/10 1.1 0.5 13/10 0.9 ,,3,0
