﻿Question,Equation,Question2,Equation2,Numbers,Names,answer,comment
각 컵에는 8.0리터의 물이 있습니다. 컵 33.0개에는 총 몇 리터의 물이 있습니까?,8.0 * 33.0,각 컵에는 number0리터의 물이 있습니다. 컵 number1개에는 총 몇 리터의 물이 있습니까?,number0 * number1,8.0 33.0 ,,264,0
"지민이는 8.0박스의 크레용을 갖고 있습니다. 각 상자에는 7.0개의 크레용이 있을 때, 얼마나 많은 크레용을 갖고 있습니까?",8.0 * 7.0,"name0이는 number0박스의 크레용을 갖고 있습니다. 각 상자에는 number1개의 크레용이 있을 때, 얼마나 많은 크레용을 갖고 있습니까?",number0 * number1,8.0 7.0 ,지민 ,56,0
태형이는 시간당 2.0마일을 3.0시간 동안 경우 태형이가 간 길이는 총 몇 마일입니까?,3.0 * 2.0,name0이는 시간당 number0마일을 number1시간 동안 경우 name1이가 간 길이는 총 몇 마일입니까?,number1 * number0,2.0 3.0 ,태형 ,6,0
지민이는 빨간사과 초록사과 총 9570.0개를 갖고 있습니다. 빨간사과가 3867.0개라면 총 몇개의 초록사과를 갖고 있습니까?,9570.0 - 3867.0,name0이는 빨간name1 초록name2 총 number0개를 갖고 있습니다. 빨간name3가 number1개name4 총 몇개의 초록name5를 갖고 있습니까?,number0 - number1,9570.0 3867.0 ,지민 사과 라면 ,5703,0
"마을에서 민영이는 7.0개의 지우개를 샀습니다. 다른 마을에서 3.0개의 지우개를 샀고, 지우개는 1개당 5.0원 입니다. 총 얼마를 지불 했습니까?",5.0 * ( 7.0 + 3.0 ),"마을에서 name0이는 number0개의 지우개를 샀습니다. 다른 마을에서 number1개의 지우개를 샀고, 지우개는 number2개당 number3원 입니다. 총 얼마를 지불 했습니까?",number3 * ( number0 + number1 ),7.0 3.0 1 5.0 ,민영 ,50,0
남준이는 해변에서 79.0개의 조개를 발견했습니다. 남준이가 태형이에게 63.0개의 조개를 주었다면 남준이는 몇개의 조개를 갖고 있습니까?,79.0 - 63.0,name0이는 해변에서 number0개의 조개를 발견했습니다. name1이가 name2이에게 number1개의 조개를 주었다면 name3이는 몇개의 조개를 갖고 있습니까?,number0 - number1,79.0 63.0 ,태형 남준 ,16,0
"윤기는 50.0마리의 물고기를 키웁니다. 은지에게 35.0마리를 주었다면, 총 몇마리의 물고기가 있습니까?",50.0 - 35.0,"name0는 number0마리의 물고기를 키웁니다. name1에게 number1마리를 주었다면, 총 몇마리의 물고기가 있습니까?",number0 - number1,50.0 35.0 ,윤기 은지 ,15,0
"윤기는 15.0개의 비디오게임을 갖고 있습니다. 윤기가 정국이에게 9.0개를 주고, 비디오 게임 1개당 5분의 시간이 걸릴때, 윤기는 총 몇분동안 게임을 할 수 있습니까?",5.0 * ( 15.0 - 9.0 ),"name0는 number0개의 비디오게임을 갖고 있습니다. name1가 name2이에게 number1개를 주고, 비디오 게임 number2개당 number3분의 시간이 걸릴때, name3는 총 몇분동안 게임을 할 수 있습니까?",number3 * ( number0 - number1 ),15.0 9.0 1 5 ,정국 윤기 ,30,0
"태형이는 21.0개의 바나나를 가지고 있습니다. 그가 친구들에게 3.0개씩 나눠 줄 때, 총 몇 명의 친구들에게 나눠 줄 수 있습니까?",21.0 / 3.0,"name0이는 number0개의 바나나를 가지고 있습니다. 그가 친구들에게 number1개씩 나눠 줄 때, 총 몇 명의 친구들에게 나눠 줄 수 있습니까?",number0 / number1,21.0 3.0 ,태형 ,7,0
유정이는 7.0개의 테이블과 3.0개의 의자를 구매했습니다. 각각 4.0원 씩 주고 샀다면 총 얼마를 지불 했습니까?,4.0 * ( 7.0 + 3.0 ),name0이는 number0개의 테이블과 number1개의 의자를 구매했습니다. 각각 number2원 씩 주고 샀다면 총 얼마를 지불 했습니까?,number2 * ( number0 + number1 ),7.0 3.0 4.0 ,유정 ,40,0
지민이는 밴드에 가입했습니다. 그녀는 145.16원의 트럼펫과 5.84원의 책을 샀습니다. 지민이가 지불한 금액은 얼마입니까?,145.16 + 5.84,name0이는 밴드에 가입했습니다. 그녀는 number0원의 트럼펫과 number1원의 책을 샀습니다. name1이가 지불한 금액은 얼마입니까?,number0 + number1,145.16 5.84 ,지민 ,151,0
"민영이는 9.0개의 비타민 통을 구매했습니다. 한개의 비타민 통 당 324.0개의 비타민이 들어있다면, 총 몇개의 비타민이 있습니까?",324.0 * 9.0,"name0이는 number0개의 비타민 통을 구매했습니다. number1개의 비타민 통 당 number2개의 비타민이 들어있다면, 총 몇개의 비타민이 있습니까?",number2 * number0,9.0 1 324.0 ,민영 ,2916,0
은지가 시간당 5.0킬로미터를 달리는데 총 25.0킬로 미터를 달렸습니다. 은지는 총 몇 시간이 걸렸습니까?,25.0 / 5.0,name0가 시간당 number0킬로미터를 달리는데 총 number1킬로 미터를 달렸습니다. name1는 총 몇 시간이 걸렸습니까?,number1 / number0,5.0 25.0 ,은지 ,5,0
"남준이는 25.0개의 돌을 갖고 있습니다. 그는 19.0개를 잃어버렸을 때, 현재 갖고있는 돌은 몇개 입니까?",25.0 - 19.0,"name0이는 number0개의 돌을 갖고 있습니다. 그는 number1개를 잃어버렸을 때, 현재 갖고있는 돌은 몇개 입니까?",number0 - number1,25.0 19.0 ,남준 ,6,0
학교 토론 팀은 5.0명의 여자와 40.0명의 남자로 구성되어있습니다. 각 그룹당 9.0명을 배치 할 때 총 몇 개의 그룹을 만들 수 있습니까?,( 5.0 + 40.0 ) / 9.0,학교 토론 팀은 number0명의 여자와 number1명의 남자로 구성되어있습니다. 각 그룹당 number2명을 name0치 할 때 총 몇 개의 그룹을 만들 수 있습니까?,( number0 + number1 ) / number2,5.0 40.0 9.0 ,배 배 ,5,0
"석진이는 900.0개의 종이를 샀습니다. 156.0개의 종이를 사용 했을때, 남은 종이는 몇 개입니까?",900.0 - 156.0,"name0이는 number0개의 종이를 샀습니다. number1개의 종이를 사용 했을때, 남은 종이는 몇 개입니까?",number0 - number1,900.0 156.0 ,석진 ,744,0
"윤기는 36.0마리의 고양이와 18.0마리의 개가 있습니다. 윤기가 고양이 26.0마리를 팔았을 때, 남은 동물은 몇 마리입니까?",36.0 + 18.0 - 26.0,"name0는 number0마리의 고양이와 number1마리의 개가 있습니다. name1가 고양이 number2마리를 팔았을 때, 남은 동물은 몇 마리입니까?",number0 + number1 - number2,36.0 18.0 26.0 ,윤기 ,28,0
남준이는 9.0개의 노란색 구슬을 갖고 있습니다. 태형이는 3.0개의 노랑색 구슬을 갖고 있습니다. 두 명이 갖고있는 구슬은 총 몇개 입니까?,9.0 + 3.0,name0이는 number0개의 name1 구슬을 갖고 있습니다. name2이는 number1개의 노랑색 구슬을 갖고 있습니다. number2명이 갖고있는 구슬은 총 몇개 입니까?,number0 + number1,9.0 3.0 2 ,태형 남준 노란색 ,12,0
꿀벌은 0.36의 꿀을 생산했지만 민영이가 0.05의 꿀을 먹었습니다. 얼마나 많은 꿀이 남아 있습니까?,0.36 - 0.05,꿀벌은 number0의 꿀을 생산했지만 name0이가 number1의 꿀을 먹었습니다. 얼마나 많은 꿀이 남아 있습니까?,number0 - number1,0.36 0.05 ,민영 ,0.31,0
호석이는 지우개 81.0개를 갖고 있습니다. 그는 34.0개를 팔았습니다. 호석이는 몇 개의 지우개를 갖고 있습니까?,81.0 - 34.0,name0이는 지우개 number0개를 갖고 있습니다. 그는 number1개를 팔았습니다. name1이는 몇 개의 지우개를 갖고 있습니까?,number0 - number1,81.0 34.0 ,호석 ,47,0
민영이는 45.0개의 배를 골랐고 유정이는 11.0개의 배를 골랐습니다. 두 사람은 얼마나 많은 배를 골랐습니까?,45.0 + 11.0,name0이는 number0개의 name1를 골랐고 name2이는 number1개의 name3를 골랐습니다. 두 사람은 얼마나 많은 name4를 골랐습니까?,number0 + number1,45.0 11.0 ,민영 유정 배 배 ,56,0
서랍에는 9.0개의 연필과 4.0개의 자가 있습니다. 은지는 서랍에서 4.0개의 연필을 사용했습니다. 몇 개의 연필이 남아 있습니까?,9.0 - 4.0,서랍에는 number0개의 연필과 number1개의 자가 있습니다. name0는 서랍에서 number2개의 연필을 사용했습니다. 몇 개의 연필이 남아 있습니까?,number0 - number2,9.0 4.0 4.0 ,은지 ,5,0
은지는 5.0개의 카드가 있습니다. 유나는 은지에게 3.0개의 카드를 구입했습니다. 은지는 몇개의 카드가 있습니까?,5.0 - 3.0,name0는 number0개의 카드가 있습니다. name1는 name2에게 number1개의 카드를 구입했습니다. name3는 몇개의 카드가 있습니까?,number0 - number1,5.0 3.0 ,유나 은지 ,2,0
정국이는 헤드셋을 1346.0원에 샀습니다. 지민이는 6444.0원에 샀습니다. 두 명이 구입한 총 금액은 얼마입니까?,1346.0 + 6444.0,name0이는 헤드number0을 number1원에 샀습니다. name1이는 number2원에 샀습니다. number3명이 구입한 총 금액은 얼마입니까?,number1 + number2,3 1346.0 6444.0 2 ,정국 지민 ,7790,0
매장 1개당 1250.0명이 방문했습니다. 총 3개의 매장이 있을 때 총 몇명이 방문 했습니까?,1250.0 * 3.0,매장 number0개당 number1명이 방문했습니다. 총 number2개의 매장이 있을 때 총 몇명이 방문 했습니까?,number1 * number2,1 1250.0 3 ,,3750,0
정국이는 41.0개의 샤프심을 갖고 있습니다. 유나는 30.0개의 샤프심을 갖고 있습니다. 총 샤프심의 갯수는 얼마입니까?,41.0 + 30.0,name0이는 number0개의 샤프심을 갖고 있습니다. name1는 number1개의 샤프심을 갖고 있습니다. 총 샤프심의 갯수는 얼마입니까?,number0 + number1,41.0 30.0 ,유나 정국 ,71,0
민영이는 8.0개의 계란을 갖고 있습니다. 호석이가 62.0개의 계란을 주었다면 민영이가 갖고 있는 계란을 몇 개입니까?,8.0 + 62.0,name0이는 number0개의 계란을 갖고 있습니다. name1이가 number1개의 계란을 주었다면 name2이가 갖고 있는 계란을 몇 개입니까?,number0 + number1,8.0 62.0 ,민영 호석 ,70,0
"호석이는 3개의 카드를 갖고 있습니다. 추가로 42.0개의 카드를 구매하고 한 개당 5.0개의 카드가 들어가는 지갑을 살 때, 몇 개의 지갑을 사야 합니까?",( 3.0 + 42.0 ) / 5.0,"name0이는 number0개의 카드를 갖고 있습니다. 추가로 number1개의 카드를 구매하고 number2개당 number3개의 카드가 들어가는 지갑을 살 때, 몇 개의 지갑을 사야 합니까?",( number0 + number1 ) / number3,3 42.0 1 5.0 ,호석 ,9,0
"민영이는 100.0개의 종이를 갖고 있습니다. 한 사람당 20.0개의 종이를 나누어 주려고 할 때, 총 몇 명에게 나누어 줄 수 있습니까?",100.0 / 20.0,"name0이는 number0개의 종이를 갖고 있습니다. 한 사람당 number1개의 종이를 나누어 주려고 할 때, 총 몇 명에게 나누어 줄 수 있습니까?",number0 / number1,100.0 20.0 ,민영 ,5,0
은지는 하루에 피자를 5조각 먹을 수 있습니다. 4일동안 몇 조각의 피자를 먹을 수 있습니까?,5.0 * 4.0,name0는 하루에 피자를 number0조각 먹을 수 있습니다. number1일동안 몇 조각의 피자를 먹을 수 있습니까?,number0 * number1,5 4 ,은지 ,20,0
"토요일에 0.4인치의 옷을 샀습니다. 일요일에 0.2인치의 옷을 샀을때, 총 옷의 길이는 얼마입니까?",0.2 + 0.4,"name0에 number0인치의 옷을 샀습니다. name1에 number1인치의 옷을 샀을때, 총 옷의 길이는 얼마입니까?",number1 + number0,0.4 0.2 ,토요일 일요일 ,0.60,0
"유정이는 37.0개의 꽃을 샀습니다. 그녀가 16.0개의 꽃을 팔고, 나중에 19.0개의 꽃을 샀을 때, 가진 꽃은 총 몇 개 입니까?",37.0 + 19.0 - 16.0,"name0이는 number0개의 꽃을 샀습니다. 그녀가 number1개의 꽃을 팔고, 나중에 number2개의 꽃을 샀을 때, 가진 꽃은 총 몇 개 입니까?",number0 + number2 - number1,37.0 16.0 19.0 ,유정 ,40,0
현재 37.0그루의 짧은 나무와 30.0그루의 큰 나무가 있습니다. 은지가 20.0개의 짧은 나무를 베었다면 총 몇그루의 짧은 나무가 남아있습니까?,37.0 + 20.0,현재 number0그루의 짧은 나name0와 number1그루의 큰 나name1가 있습니다. name2가 number2개의 짧은 나name3를 베었다면 총 몇그루의 짧은 나name4가 남아있습니까?,number0 + number2,37.0 30.0 20.0 ,은지 무 ,57,0
호석이는 하루에 250.0km를 주행했습니다. 5일동안 총 몇 km를 주행했습니까?,5.0 * 250.0,name0이는 하루에 number0km를 주행했습니다. number1일동안 총 몇 km를 주행했습니까?,number1 * number0,250.0 5 ,호석 ,1250,0
"민영이는 13.99원에 바지를 사고, 12.14원에 셔츠를 사고, 7.43원에 신발을 샀습니다. 지불한 총 비용은 얼마입니까?",13.99 + 12.14 + 7.43,"name0이는 number0원에 바지를 사고, number1원에 셔츠를 사고, number2원에 신발을 샀습니다. 지불한 총 비용은 얼마입니까?",number0 + number1 + number2,13.99 12.14 7.43 ,민영 ,33.56,0
은지는 핸드폰에 11.0개의 노래를 저장했습니다. 오래된 7.0개의 노래를 삭제하고 24.0개의 새로운 노래를 다운받았습니다. 은지의 핸드폰에는 몇개의 노래가 있습니까?,11.0 + 24.0 - 7.0,name0는 핸드폰에 number0개의 노래를 저장했습니다. 오래된 number1개의 노래를 삭제하고 number2개의 새로운 노래를 다운받았습니다. name1의 핸드폰에는 몇개의 노래가 있습니까?,number0 + number2 - number1,11.0 7.0 24.0 ,은지 ,28,0
"태형이는 88.0개의 돌을 갖고 있습니다. 팔찌 1개당 8.0개의 돌이 필요할 때, 총 몇개의 팔찌를 만들 수 있습니까?",88.0 / 8.0,"name0이는 number0개의 돌을 갖고 있습니다. 팔찌 number1개당 number2개의 돌이 필요할 때, 총 몇개의 팔찌를 만들 수 있습니까?",number0 / number2,88.0 1 8.0 ,태형 ,11,0
"공원에는 9.0개의 돌이 있습니다. 유정이가 2.0개의 돌을 주워 갔을 때, 공원에는 몇개의 돌이 있습니까?",9.0 - 2.0,"공원에는 number0개의 돌이 있습니다. name0이가 number1개의 돌을 주워 갔을 때, 공원에는 몇개의 돌이 있습니까?",number0 - number1,9.0 2.0 ,유정 ,7,0
"남준이는 217.0개의 볼펜을 갖고 있습니다. 유정이가 109.0개의 볼펜을 남준에게 주었을 때, 남준이는 몇 개의 볼펜을 갖고 있습니까?",217.0 + 109.0,"name0이는 number0개의 name1을 갖고 있습니다. name2이가 number1개의 name3을 name4에게 주었을 때, name5이는 몇 개의 name6을 갖고 있습니까?",number0 + number1,217.0 109.0 ,유정 남준 볼펜 ,326,0
"민영이는 은행에서 7.0원을 뽑았습니다. 그녀가 길에서 5.0원을 주웠을 때, 총 얼마를 갖고 있습니까?",7.0 + 5.0,"name0이는 은행에서 number0원을 뽑았습니다. 그녀가 길에서 number1원을 주웠을 때, 총 얼마를 갖고 있습니까?",number0 + number1,7.0 5.0 ,민영 ,12,0
"윤기가 24.0개의 돌을 갖고 있습니다. 한 사람 당 12.0개의 돌을 나누어 주려고 할 때, 총 몇 명에게 나누어 줄 수 있습니까?",24.0 / 12.0,"name0가 number0개의 돌을 갖고 있습니다. 한 사람 당 number1개의 돌을 나누어 주려고 할 때, 총 몇 명에게 나누어 줄 수 있습니까?",number0 / number1,24.0 12.0 ,윤기 ,2,0
정국이는 0.25가 쓰인 카드를 갖고 있습니다. 민영이는 3.25가 쓰인 카드를 갖고 있습니다. 카드의 숫자 총합은 얼마입니까?,3.25 + 0.25,name0이는 number0가 쓰인 카드를 갖고 있습니다. name1이는 number1가 쓰인 카드를 갖고 있습니다. 카드의 숫자 총합은 얼마입니까?,number1 + number0,0.25 3.25 ,민영 정국 ,3.50,0
윤기는 96.0개의 사과를 갖고 있습니다. 점심때 42.0개를 먹고 친구들에게 6.0개씩 나누어 주었습니다. 총 몇 명에게 나누어 줄 수 있습니까?,( 96.0 - 42.0 ) / 6.0,name0는 number0개의 name1를 갖고 있습니다. 점심때 number1개를 먹고 친구들에게 number2개씩 나누어 주었습니다. 총 몇 명에게 나누어 줄 수 있습니까?,( number0 - number1 ) / number2,96.0 42.0 6.0 ,윤기 사과 ,9,0
"윤기는 35.0개의 조개와 25.0개의 불가사리를 발견했습니다. 그는 17.0개의 조개를 버렸을 때, 얼마나 많은 조개를 갖고 있습니까?",35.0 - 17.0,"name0는 number0개의 조개와 number1개의 불가사리를 발견했습니다. 그는 number2개의 조개를 버렸을 때, 얼마나 많은 조개를 갖고 있습니까?",number0 - number2,35.0 25.0 17.0 ,윤기 ,18,0
"석진이는 30.0개의 대리석을 갖고 있습니다. 그가 한 사람당 5.0개를 주었을 때, 총 몇 명에게 줄 수 있습니까?",30.0 / 5.0,"name0이는 number0개의 대리석을 갖고 있습니다. 그가 한 사람당 number1개를 주었을 때, 총 몇 명에게 줄 수 있습니까?",number0 / number1,30.0 5.0 ,석진 ,6,0
상자에는 79.0개의 연필이 있습니다. 정국이는 4.0개의 연필을 사용했습니다. 상자에는 몇 개의 연필이 있습니까?,79.0 - 4.0,상자에는 number0개의 연필이 있습니다. name0이는 number1개의 연필을 사용했습니다. 상자에는 몇 개의 연필이 있습니까?,number0 - number1,79.0 4.0 ,정국 ,75,0
"애완 동물 가게에는 6.0개의 상자가 있습니다. 각 상자에 강아지 2.0마리, 고양이 7.0마리가 있다면 총 몇 마리의 동물이 있습니까?",6.0 * ( 2.0 + 7.0 ),"애완 동물 가게에는 number0개의 상자가 있습니다. 각 상자에 강아지 number1마리, 고양이 number2마리가 있다면 총 몇 마리의 동물이 있습니까?",number0 * ( number1 + number2 ),6.0 2.0 7.0 ,,54,0
"석진이는 시간당 2.0마일을 갈 수 있습니다. 총 14.0마일을 갔을 때, 몇 시간이 걸렸습니까?",14.0 / 2.0,"name0이는 시간당 number0마일을 갈 수 있습니다. 총 number1마일을 갔을 때, 몇 시간이 걸렸습니까?",number1 / number0,2.0 14.0 ,석진 ,7,0
윤기는 37.0개의 수박과 30.0개의 호박을 키웠습니다. 석진이가 11.0개의 수박을 구매했을때 몇개의 수백이 있습니까?,37.0 + 11.0,name0는 number0개의 name1과 number1개의 호박을 키웠습니다. name2이가 number2개의 name3을 구매했을때 몇개의 수백이 있습니까?,number0 + number2,37.0 30.0 11.0 ,윤기 석진 수박 ,48,0
"초콜릿은 1개에 4.0원 입니다. 상자에 11.0개의 초콜릿이 있고, 호석이가 7.0개를 먹었다면 총 얼마의 초콜릿이 있습니까?",4.0 * ( 11.0 - 7.0 ),"초콜릿은 number0개에 number1원 입니다. 상자에 number2개의 초콜릿이 있고, name0이가 number3개를 먹었다면 총 얼마의 초콜릿이 있습니까?",number1 * ( number2 - number3 ),1 4.0 11.0 7.0 ,호석 ,16,0
"유정이는 정원에서 8.0개의 감자를 키웠습니다. 토끼가 3.0개를 먹었을 때, 유정이는 몇 개의 감자를 갖고 있습니까?",8.0 - 3.0,"name0이는 정원에서 number0개의 name1자를 키웠습니다. 토끼가 number1개를 먹었을 때, name2이는 몇 개의 name3자를 갖고 있습니까?",number0 - number1,8.0 3.0 ,유정 감 ,5,0
각 상자에는 4.0개의 감자가 있습니다. 3개의 상자에는 총 몇개의 감자가 있습니까?,4.0 * 3.0,각 상자에는 number0개의 name0자가 있습니다. number1개의 상자에는 총 몇개의 name1자가 있습니까?,number0 * number1,4.0 3 ,감 ,12,0
"봉투 1개에는 27.0개의 껌이 있습니다. 남준이가 18.0개의 봉투를 갖고 있을때, 총 몇개의 껌이 있습니까?",27.0 * 18.0,"봉투 number0개에는 number1개의 껌이 있습니다. name0이가 number2개의 봉투를 갖고 있을때, 총 몇개의 껌이 있습니까?",number1 * number2,1 27.0 18.0 ,남준 ,486,0
"지민이는 11.0개의 사탕을 받았고, 윤기는 5.0개의 사탕을 받았습니다. 모은 사탕을 한 사람당 8갰기 나누어 줄 때, 총 몇 명에게 나누어 줄 수 있습니까?",( 11.0 + 5.0 ) / 8.0,"name0이는 number0개의 name1을 받았고, name2는 number1개의 name3을 받았습니다. 모은 name4을 한 사람당 number2갰기 나누어 줄 때, 총 몇 명에게 나누어 줄 수 있습니까?",( number0 + number1 ) / number2,11.0 5.0 8 ,윤기 지민 사탕 ,2,0
"은지는 75.0개의 사과가 있습니다. 은지가 민영에게 52.0개의 사과를 줄 때, 은지는 몇 개의 사과를 갖고 있습니까?",75.0 - 52.0,"name0는 number0개의 name1가 있습니다. name2가 name3에게 number1개의 name4를 줄 때, name5는 몇 개의 name6를 갖고 있습니까?",number0 - number1,75.0 52.0 ,민영 은지 사과 ,23,0
"유나는 14.0원의 캠코더를 샀고, 26.0원의 자라를 샀습니다. 그녀가 일주일에 5.0원씩 지불 했다면, 몇 번 지불 해야합니까?",( 14.0 + 26.0 ) / 5.0,"name0는 number0원의 캠코더를 샀고, number1원의 자라를 샀습니다. 그녀가 일주일에 number2원씩 지불 했다면, 몇 번 지불 해야합니까?",( number0 + number1 ) / number2,14.0 26.0 5.0 ,유나 ,8,0
남준이는 하루에 5.0권의 책을 읽습니다. 3.0일동안 몇 권의 책을 읽습니까?,5.0 * 3.0,name0이는 하루에 number0권의 책을 읽습니다. number1일동안 몇 권의 책을 읽습니까?,number0 * number1,5.0 3.0 ,남준 ,15,0
"유나는 22.0개의 당근을 먹었고, 15.0개의 수박을 먹었습니다. 그녀는 총 몇개를 먹었습니까?",22.0 + 15.0,"name0는 number0개의 name1을 먹었고, number1개의 name2을 먹었습니다. 그녀는 총 몇개를 먹었습니까?",number0 + number1,22.0 15.0 ,유나 수박 당근 ,37,0
"지민이는 올해 11.0개의 축구공을 샀습니다. 농구공은 13.0개, 야구공은 15.0개를 샀습니다. 지민이가 가진 공의 갯수는 몇 개입니까?",11.0 + 13.0 + 15.0,"name0이는 올해 number0개의 name1을 샀습니다. name2은 number1개, name3은 number2개를 샀습니다. name4이가 가진 공의 갯수는 몇 개입니까?",number0 + number1 + number2,11.0 13.0 15.0 ,지민 농구공 야구공 축구공 ,39,0
정국이의 생일 파티에 4.0개의 카드와 44.0개의 종이가 있습니다. 하루에 6.0개식 사용할 때 몇 일동안 사용할 수 있습니까?,( 4.0 + 44.0 ) / 6.0,name0이의 생일 파티에 number0개의 카드와 number1개의 종이가 있습니다. 하루에 number2개식 사용할 때 몇 일동안 사용할 수 있습니까?,( number0 + number1 ) / number2,4.0 44.0 6.0 ,정국 ,8,0
"호석이는 10.0마리의 토끼를 갖고 있습니다. 그는 3.0마리를 분양했을 때, 몇 마리의 토끼가 남아있습니까?",10.0 - 3.0,"name0이는 number0마리의 토끼를 갖고 있습니다. 그는 number1마리를 분양했을 때, 몇 마리의 토끼가 남아있습니까?",number0 - number1,10.0 3.0 ,호석 ,7,0
석진이는 34.0원이 있습니다. 개를 사기 위해 47.0원이 필요하다면 얼마를 추가로 벌어야 합니까?,47.0 - 34.0,name0이는 number0원이 있습니다. 개를 사기 위해 number1원이 필요하다면 얼마를 추가로 벌어야 합니까?,number1 - number0,34.0 47.0 ,석진 ,13,0
"민영이는 비디오 게임을 14.0원에 샀습니다. 게임기를 36.0원에 사고, 4.0원을 할인 받았습니다. 총 지불한 금액은 얼마입니까?",14.0 + 36.0 - 4.0,"name0이는 비디오 게임을 number0원에 샀습니다. 게임기를 number1원에 사고, number2원을 할인 받았습니다. 총 지불한 금액은 얼마입니까?",number0 + number1 - number2,14.0 36.0 4.0 ,민영 ,46,0
태형이는 61921.0개의 비단과 49500.0개의 공을 샀습니다. 총 몇 개의 물건을 샀습니까?,61921.0 + 49500.0,name0이는 number0개의 비단과 number1개의 공을 샀습니다. 총 몇 개의 물건을 샀습니까?,number0 + number1,61921.0 49500.0 ,태형 ,111421,0
"유정이는 10.0개의 스티커를 샀고, 유나는 22.0개의 스티커를 샀습니다. 총 몇 개의 스티커를 샀습니까?",10.0 * 22.0,"name0이는 number0개의 스티커를 샀고, name1는 number1개의 스티커를 샀습니다. 총 몇 개의 스티커를 샀습니까?",number0 * number1,10.0 22.0 ,유나 유정 ,220,0
민영이는 98.0개의 계란이 있습니다. 그녀는 8.0개의 계란을 구매했습니다. 총 몇개의 계란이 있습니까?,98.0 + 8.0,name0이는 number0개의 계란이 있습니다. 그녀는 number1개의 계란을 구매했습니다. 총 몇개의 계란이 있습니까?,number0 + number1,98.0 8.0 ,민영 ,106,0
태형이는 피자 21.0판을 주문 했습니다. 각 피자에는 8.0 조각이 있습니다. 피자 조각은 총 몇개 입니까?,21.0 * 8.0,name0이는 피자 number0판을 주문 했습니다. 각 피자에는 number1 조각이 있습니다. 피자 조각은 총 몇개 입니까?,number0 * number1,21.0 8.0 ,태형 ,168,0
"은지는 123.0개의 오렌지, 유나는 104.0개의 오렌지를 골랐습니다. 총 오렌지 갯수는 몇개 입니까?",123.0 + 104.0,"name0는 number0개의 오렌지, name1는 number1개의 오렌지를 골랐습니다. 총 오렌지 갯수는 몇개 입니까?",number0 + number1,123.0 104.0 ,유나 은지 ,227,0
"지민이는 상자에 총 56.0개의 오렌지를 넣어야 합니다. 각 상자에는 8.0개의 오렌지가 들어간다고 할 때, 몇개의 상자가 필요합니까?",56.0 / 8.0,"name0이는 상자에 총 number0개의 오렌지를 넣어야 합니다. 각 상자에는 number1개의 오렌지가 들어간다고 할 때, 몇개의 상자가 필요합니까?",number0 / number1,56.0 8.0 ,지민 ,7,0
"윤기는 7.0마리의 개를 갖고 있고, 6.0마리를 추가로 구매했습니다. 총 몇마리의 개가 있습니까?",7.0 + 6.0,"name0는 number0마리의 개를 갖고 있고, number1마리를 추가로 구매했습니다. 총 몇마리의 개가 있습니까?",number0 + number1,7.0 6.0 ,윤기 ,13,0
"지민이는 356.0개의 잎을 가지고 있습니다. 그 중 112.0개가 날라갔을 때, 남은 잎의 갯수는 몇 개 입니까?",356.0 - 112.0,"name0이는 number0개의 잎을 가지고 있습니다. 그 중 number1개가 날라갔을 때, 남은 잎의 갯수는 몇 개 입니까?",number0 - number1,356.0 112.0 ,지민 ,244,0
"카페에 아메리카노 38.0잔, 카페라떼 28.0잔이 있습니다. 유정이가 아메리카노 20.0잔을 먹었다면 총 몇 잔이 남았습니까?",38.0 + 28.0 - 20.0,"카페에 아메리카노 number0잔, 카페라떼 number1잔이 있습니다. name0이가 아메리카노 number2잔을 먹었다면 총 몇 잔이 남았습니까?",number0 + number1 - number2,38.0 28.0 20.0 ,유정 ,46,0
유나는 이번 주에 가게에 3.0번을 갔습니다. 그녀는 가게에 갈 때마다 7.0개의 땅콩을 구입합니다. 총 몇 개의 땅콩을 구매했습니까?,3.0 * 7.0,name0는 이번 주에 가게에 number0번을 갔습니다. 그녀는 가게에 갈 때마다 number1개의 땅콩을 구입합니다. 총 몇 개의 땅콩을 구매했습니까?,number0 * number1,3.0 7.0 ,유나 ,21,0
"석진이는 학교 앞에서 9.0개의 셔츠와 27.0개의 바지를 샀습니다. 20.0개의 바지를 버렸을 때, 총 몇개의 옷이 남았습니까?",9.0 + 27.0 - 20.0,"name0이는 학교 앞에서 number0개의 셔츠와 number1개의 바지를 샀습니다. number2개의 바지를 버렸을 때, 총 몇개의 옷이 남았습니까?",number0 + number1 - number2,9.0 27.0 20.0 ,석진 ,16,0
은지는 사탕 80.0개를 갖고 있습니다. 각 사람당 4.0개를 나누어 준다면 총 몇 명에게 나누어 줄 수 있습니까?,80.0 / 4.0,name0는 name1 number0개를 갖고 있습니다. 각 사람당 number1개를 나누어 준다면 총 몇 명에게 나누어 줄 수 있습니까?,number0 / number1,80.0 4.0 ,은지 사탕 ,20,0
"유나는 5.0개의 풍선, 윤기는 6.0개의 풍선을 갖고 있습니다. 유정이는 7.0개의 노란색 풍선을 갖고 있을 때, 총 풍선 갯수는 몇 개 입니까?",5.0 + 6.0 + 7.0,"name0는 number0개의 풍선, name1는 number1개의 풍선을 갖고 있습니다. name2이는 number2개의 name3 풍선을 갖고 있을 때, 총 풍선 갯수는 몇 개 입니까?",number0 + number1 + number2,5.0 6.0 7.0 ,유나 유정 윤기 노란색 ,18,0
"현재 42.0개의 호두 나무와 12.0개의 오렌지 나무가 있습니다. 호두 나무 13개를 베었을 때, 남아있는 호두 나무는 총 몇 개입니까?",42.0 - 13.0,"현재 number0개의 호두 나name0와 number1개의 오렌지 나name1가 있습니다. 호두 나name2 number2개를 베었을 때, 남아있는 호두 나name3는 총 몇 개입니까?",number0 - number2,42.0 12.0 13 ,무 ,29,0
석진이는 9.0개의 노란색 풍선을 갖고 있습니다. 윤기는 8.0개의 노란색 풍선을 갖고 있습니다. 얼마나 많은 노란 풍선이 있습니까?,9.0 + 8.0,name0이는 number0개의 name1 풍선을 갖고 있습니다. name2는 number1개의 name3 풍선을 갖고 있습니다. 얼마나 많은 노란 풍선이 있습니까?,number0 + number1,9.0 8.0 ,윤기 석진 노란색 ,17,0
"한 상자에 10.0개씩 사과가 들어갑니다. 2650.0개의 사과가 있을 때, 필요한 총 상자의 갯수는 몇 개입니까?",2650.0 / 10.0,"한 상자에 number0개씩 name0가 들어갑니다. number1개의 name1가 있을 때, 필요한 총 상자의 갯수는 몇 개입니까?",number1 / number0,10.0 2650.0 ,사과 ,265,0
"꽃병에는 6.0송이의 장미가 있었습니다. 은지가 처음에 넣어둔 장미는 16.0송이 일때, 몇 송이를 잘라냈습니까?",16.0 - 6.0,"꽃병에는 number0송이의 장미가 있었습니다. name0가 처음에 넣어둔 장미는 number1송이 일때, 몇 송이를 잘라냈습니까?",number1 - number0,6.0 16.0 ,은지 ,10,0
민영이는 4.0개의 케이크와 29.0개의 쿠키를 구웠습니다. 24.0개의 쿠키를 먹었을때 총 몇 개의 케이크와 쿠키가 남았습니까?,4.0 + 29.0 - 24.0,name0이는 number0개의 케이크와 number1개의 쿠키를 구웠습니다. number2개의 쿠키를 먹었을때 총 몇 개의 케이크와 쿠키가 남았습니까?,number0 + number1 - number2,4.0 29.0 24.0 ,민영 ,9,0
"호석이는 479.0개의 연필을 맞고 있습니다. 134.0개를 친구들에게 나누어 주었을 때, 총 몇 개의 연필을 갖고 있습니까?",479.0 - 134.0,"name0이는 number0개의 연필을 맞고 있습니다. number1개를 친구들에게 나누어 주었을 때, 총 몇 개의 연필을 갖고 있습니까?",number0 - number1,479.0 134.0 ,호석 ,345,0
매장에 사과 5.0개와 배 35.0개가 있습니다. 과일을 한 상자당 8.0개씩 담을 때 몇개의 상자가 필요합니까?,( 5.0 + 35.0 ) / 8.0,매장에 name0 number0개와 name1 number1개가 있습니다. 과일을 한 상자당 number2개씩 담을 때 몇개의 상자가 필요합니까?,( number0 + number1 ) / number2,5.0 35.0 8.0 ,사과 배 배 ,5,0
"호석이는 은행에서 7.0원을 빌렸습니다. 3.0원을 동생에게 주었을 때, 호석인느 얼마를 가지고 있습니까?",7.0 - 3.0,"name0이는 은행에서 number0원을 빌렸습니다. number1원을 동생에게 주었을 때, name1인느 얼마를 가지고 있습니까?",number0 - number1,7.0 3.0 ,호석 ,4,0
"유정이는 760.0장의 사진을 갖고 있습니다. 그녀는 418.0개의 사진을 유나에게 주었을 때, 유정이가 가진 사진은 총 몇장입니까?",760.0 - 418.0,"name0이는 number0장의 사진을 갖고 있습니다. 그녀는 number1개의 사진을 name1에게 주었을 때, name2이가 가진 사진은 총 몇장입니까?",number0 - number1,760.0 418.0 ,유나 유정 ,342,0
"남준이는 A 박물관에서 18.0장의 사진을 찍었고, B 박물관에서 15.0장의 사진을 찍었습니다. 나중에 31.0장의 사진을 삭제 한 경우 그녀가 가진 사진은 총 몇장입니까?",15.0 + 18.0 - 31.0,"name0이는 name1 name2에서 number0장의 사진을 찍었고, name3 name4에서 number1장의 사진을 찍었습니다. 나중에 number2장의 사진을 삭제 한 경우 그녀가 가진 사진은 총 몇장입니까?",number1 + number0 - number2,18.0 15.0 31.0 ,남준 A B 박물관 ,2,0
"민영이는 사탕을 66.0개를 받고, 여동생에게서 15.0개를 받았습니다. 그녀가 하루에 9.0개씩 먹었을 때, 총 몇 일동안 먹을 수 있습니까?",( 66.0 + 15.0 ) / 9.0,"name0이는 name1을 number0개를 받고, 여동생에게서 number1개를 받았습니다. 그녀가 하루에 number2개씩 먹었을 때, 총 몇 일동안 먹을 수 있습니까?",( number0 + number1 ) / number2,66.0 15.0 9.0 ,민영 사탕 ,9,0
"윤기는 126.0개의 지갑을 갖고 있습니다. 그 중 81.0개를 팔았을 때, 총 몇개의 지갑을 갖고 있습니까?",126.0 - 81.0,"name0는 number0개의 지갑을 갖고 있습니다. 그 중 number1개를 팔았을 때, 총 몇개의 지갑을 갖고 있습니까?",number0 - number1,126.0 81.0 ,윤기 ,45,0
유나가 시간당 10.0 킬로미터를 갈 수 있습니다. 총 80.0킬로미터를 가야 할 때 몇 시간이나 걸립니까?,80.0 / 10.0,name0가 시간당 number0 킬로미터를 갈 수 있습니다. 총 number1킬로미터를 가야 할 때 몇 시간이나 걸립니까?,number1 / number0,10.0 80.0 ,유나 ,8,0
"바지 한 벌은 34.0원입니다. 남준이 현재 8.0원을 갖고 있을 때, 바지를 사기 위해 얼마가 필요합니까?",34.0 - 8.0,"바지 한 벌은 number0원입니다. name0이 현재 number1원을 갖고 있을 때, 바지를 사기 위해 얼마가 필요합니까?",number0 - number1,34.0 8.0 ,남준 ,26,0
"정국이는 4.0권의 책을 읽었습니다. 각 책은 17.0장 일 때, 총 몇장을 읽었습니까?",4.0 * 17.0,"name0이는 number0권의 책을 읽었습니다. 각 책은 number1장 일 때, 총 몇장을 읽었습니까?",number0 * number1,4.0 17.0 ,정국 ,68,0
"지민이는 79.0장의 사진을 휴대폰에 저장 했습니다. 44.0장을 지우고 한 폴더당 5.0장씩 넣을 수 있을 때, 총 몇개의 폴더가 필요합니까?",( 79.0 - 44.0 ) / 5.0,"name0이는 number0장의 사진을 휴대폰에 저장 했습니다. number1장을 지우고 한 폴더당 number2장씩 넣을 수 있을 때, 총 몇개의 폴더가 필요합니까?",( number0 - number1 ) / number2,79.0 44.0 5.0 ,지민 ,7,0
석진이는 24.0개의 쿠키가 있고 6.0명에게 똑같이 나누어 주려고 합니다. 한 사람당 몇개 씩 주어야 합니까?,24.0 / 6.0,name0이는 number0개의 쿠키가 있고 number1명에게 똑같이 나누어 주려고 합니다. 한 사람당 몇개 씩 주어야 합니까?,number0 / number1,24.0 6.0 ,석진 ,4,0
"유정이는 사과박스 9.0개를 가졌습니다. 3.0개를 동생에게 주고, 각 사과박스에는 2.0개의 사과가 들어있습니다. 총 사과의 갯수는 몇 개 입니까?",2.0 * ( 9.0 - 3.0 ),"name0이는 name1박스 number0개를 가졌습니다. number1개를 동생에게 주고, 각 name2박스에는 number2개의 name3가 들어있습니다. 총 name4의 갯수는 몇 개 입니까?",number2 * ( number0 - number1 ),9.0 3.0 2.0 ,유정 사과 ,12,0
남준이는 땅콩 85.0개를 갖고 있습니다. 유정이는 남준보다 48.0를 더 갖고 있습니다. 유정이가 가진 땅콩은 몇 개 입니까?,85.0 + 48.0,name0이는 땅콩 number0개를 갖고 있습니다. name1이는 name2보다 number1를 더 갖고 있습니다. name3이가 가진 땅콩은 몇 개 입니까?,number0 + number1,85.0 48.0 ,유정 남준 ,133,0
"회사에서 백구공 23.0개와 야구공 7.0개를 구매했습니다. 직원 한 명당 6.0개의 공을 받을 때, 총 몇 명에게 나누어 줄 수 있습니까?",( 23.0 + 7.0 ) / 6.0,"회사에서 백구공 number0개와 name0 number1개를 구매했습니다. 직원 number2명당 number3개의 공을 받을 때, 총 몇 명에게 나누어 줄 수 있습니까?",( number0 + number1 ) / number3,23.0 7.0 1 6.0 ,야구공 ,5,0
정국이는 총 15.0개의 사과를 갖고 있습니다. 유정이에게 6.0개를 주고 사과 한 개당 3.0원에 팔았습니다. 총 얼마를 벌었습니까?,3.0 * ( 15.0 - 6.0 ),name0이는 총 number0개의 name1를 갖고 있습니다. name2이에게 number1개를 주고 name3 number2개당 number3원에 팔았습니다. 총 얼마를 벌었습니까?,number3 * ( number0 - number1 ),15.0 6.0 1 3.0 ,정국 유정 사과 ,27,0
민영이에게는 7.0개의 오렌지박스가 있습니다. 각 박스에는 7.0개의 오렌지가 있습니다. 총 몇개의 사과를 갖고 있습니까?,7.0 * 7.0,name0이에게는 number0개의 오렌지박스가 있습니다. 각 박스에는 number1개의 오렌지가 있습니다. 총 몇개의 name1를 갖고 있습니까?,number1 * number1,7.0 7.0 ,민영 사과 ,49,0
"호석이는 목걸이를 3.0개 갖고 있습니다. 귀걸이도 3.0개를 갖고있고, 한 개당 6.0원에 팔 수 있을 때, 총 얼마를 벌 수 있습니까?",6.0 * ( 3.0 + 3.0 ),"name0이는 목걸이를 number0개 갖고 있습니다. 귀걸이도 number1개를 갖고있고, number2개당 number3원에 팔 수 있을 때, 총 얼마를 벌 수 있습니까?",number3 * ( number1 + number1 ),3.0 3.0 1 6.0 ,호석 ,36,0
"사탕 가게에서는 31.0개의 사탕이 있습니다. 사탕 한 개당 11.0 칼로리 일때, 총 몇 칼로리 입니까?",31.0 * 11.0,"name0 가게에서는 number0개의 name1이 있습니다. name2 number1개당 number2 칼로리 일때, 총 몇 칼로리 입니까?",number0 * number2,31.0 1 11.0 ,사탕 ,341,0
유정이는 6.0송이의 장미를 갖고 있습니다. 5.0개를 팔았고 12.0개를 구매했습니다. 유정이는 몇성이의 장미를 갖고 있습니까?,6.0 + 12.0 - 5.0,name0이는 number0송이의 장미를 갖고 있습니다. number1개를 팔았고 number2개를 구매했습니다. name1이는 몇성이의 장미를 갖고 있습니까?,number0 + number2 - number1,6.0 5.0 12.0 ,유정 ,13,0
호석이는 122.0개의 오렌지와 105.0개의 사과를 갖고 있습니다. 호석이가 가진 과일은 총 몇 개입니까?,122.0 + 105.0,name0이는 number0개의 오렌지와 number1개의 name1를 갖고 있습니다. name2이가 가진 과일은 총 몇 개입니까?,number0 + number1,122.0 105.0 ,호석 사과 ,227,0
학생들이 6.0명씩 테이블에 앉아 있습니다. 테이블이 총 34.0개일때 학생은 몇 명입니까?,6.0 * 34.0,학생들이 number0명씩 테이블에 앉아 있습니다. 테이블이 총 number1개일때 학생은 몇 명입니까?,number0 * number1,6.0 34.0 ,,204,0
농구 팀에 30.0의 남자와 36.0명의 여자가 있습니다. 그 중 10.0명의 남자가 집에 갔다면 몇 명이 남아 있습니까?,30.0 + 36.0 - 10.0,농구 팀에 number0의 남자와 number1명의 여자가 있습니다. 그 중 number2명의 남자가 집에 갔다면 몇 명이 남아 있습니까?,number0 + number1 - number2,30.0 36.0 10.0 ,,56,0
지민이는 2436.0개의 볼펜을 샀습니다. 한 사람당 3.0개씩 나누어 줄 때 총 몇 명에게 나누어 줄 수 있습니까?,2436.0 / 3.0,name0이는 number0개의 name1을 샀습니다. 한 사람당 number1개씩 나누어 줄 때 총 몇 명에게 나누어 줄 수 있습니까?,number0 / number1,2436.0 3.0 ,지민 볼펜 ,812,0
애완 동물 가게에는 18.0마리의 강아지가 있습니다. 3마리가 팔려나가고 남은 강아지를 한 박스에 5.0마리씩 넣었습니다. 총 몇개의 박스가 필요합니까?,( 18.0 - 3.0 ) / 5.0,애완 동물 가게에는 number0마리의 강아지가 있습니다. number1마리가 팔려나가고 남은 강아지를 한 박스에 number2마리씩 넣었습니다. 총 몇개의 박스가 필요합니까?,( number0 - number1 ) / number2,18.0 3 5.0 ,,3,0
남준이는 한 시간에 55.0마일을 갈 수 있습니다. 8.0시간 만에 몇 마일을 갈 수 있습니까?,55.0 * 8.0,name0이는 한 시간에 number0마일을 갈 수 있습니다. number1시간 만에 몇 마일을 갈 수 있습니까?,number0 * number1,55.0 8.0 ,남준 ,440,0
"유정이는 53.0권의 문제집을 갖고 있습니다. 석진이가 16.0개의 문제집을 주었을 때, 유정이는 몇 권의 문제집을 갖고 있습니까?",53.0 + 16.0,"name0이는 number0권의 문제집을 갖고 있습니다. name1이가 number1개의 문제집을 주었을 때, name2이는 몇 권의 문제집을 갖고 있습니까?",number0 + number1,53.0 16.0 ,유정 석진 ,69,0
꿀벌에는 다리가 6.0개 있습니다. 2마리의 꿀벌에게는 몇 개의 다리가 있습니까?,6.0 * 2.0,꿀벌에는 다리가 number0개 있습니다. number1마리의 꿀벌에게는 몇 개의 다리가 있습니까?,number0 * number1,6.0 2 ,,12,0
"석진이는 고양이 장난감에 10.22원을 썻고, 새장에는 11.73원을 썼습니다. 석진이가 지불한 비용은 총 얼마입니까?",10.22 + 11.73,"name0이는 고양이 장난name1에 number0원을 썻고, 새장에는 number1원을 썼습니다. name2이가 지불한 비용은 총 얼마입니까?",number0 + number1,10.22 11.73 ,석진 감 ,21.95,0
민영이는 과자 6.0봉지를 샀습니다. 호석이는 7.0봉지를 샀습니다. 총 과자 봉지는 몇 개 입니까?,6.0 + 7.0,name0이는 name1 number0봉지를 샀습니다. name2이는 number1봉지를 샀습니다. 총 name3 봉지는 몇 개 입니까?,number0 + number1,6.0 7.0 ,민영 호석 과자 ,13,0
"남준이는 물 16.0리터를 가졌습니다. 그는 생일 때 28.0리터를 더 받고, 25.0리터를 마셨습니다. 남준이가 가진 물은 총 몇리터입니까?",16.0 + 28.0 - 25.0,"name0이는 물 number0리터를 가졌습니다. 그는 생일 때 number1리터를 더 받고, number2리터를 마셨습니다. name1이가 가진 물은 총 몇리터입니까?",number0 + number1 - number2,16.0 28.0 25.0 ,남준 ,19,0
윤기는 143.0권의 만화책을 갖고 있습니다. 한 사람당 11.0권씩 나누어 줄 때 총 몇권의 만화책이 있습니까?,143.0 / 11.0,name0는 number0권의 만화책을 갖고 있습니다. 한 사람당 number1권씩 나누어 줄 때 총 몇권의 만화책이 있습니까?,number0 / number1,143.0 11.0 ,윤기 ,13,0
토끼가 한 마리에 2.0원 입니다. 6.0마리는 총 얼마입니까?,2.0 * 6.0,토끼가 number0마리에 number1원 입니다. number2마리는 총 얼마입니까?,number1 * number2,1 2.0 6.0 ,,12,0
"책상에 연필 43.0자루, 지우개 19.0개, 필통 16.0개가 있습니다. 총 몇 개의 학용품이 있습니까?",43.0 + 19.0 + 16.0,"책상에 연필 number0자루, 지우개 number1개, 필통 number2개가 있습니다. 총 몇 개의 학용품이 있습니까?",number0 + number1 + number2,43.0 19.0 16.0 ,,78,0
유나는 72.0장의 카드가 있습니다. 61.0장을 은지에게 주었을 때 몇 장의 카드가 남아있습니까?,72.0 - 61.0,name0는 number0장의 카드가 있습니다. number1장을 name1에게 주었을 때 몇 장의 카드가 남아있습니까?,number0 - number1,72.0 61.0 ,유나 은지 ,11,0
초콜릿은 한 개에 3.0원입니다. 상자에 7개의 초콜릿이 있는데 유정이가 4.0개를 먹었습니다 남은 초콜릿은 총 얼마입니까?,3.0 * ( 7.0 - 4.0 ),초콜릿은 number0개에 number1원입니다. 상자에 number2개의 초콜릿이 있는데 name0이가 number3개를 먹었습니다 남은 초콜릿은 총 얼마입니까?,number1 * ( number2 - number3 ),1 3.0 7 4.0 ,유정 ,9,0
수돗가에서 5명의 학생이 한 줄로 서 있는데 그중에서 호석이는 앞에서 둘째에 서있습니다. 호석이는 뒤에서 몇째에 서있을까요?,5 - 2 + 1,수돗가에서 number0명의 학생이 한 줄로 서 있는데 그중에서 name0이는 앞에서 number1째에 서있습니다. name1이는 뒤에서 몇째에 서있을까요?,number0 - number1 + 1,5 2 ,호석 ,3,"1: -번째 키워드 포함, 1을 항상 더해줌"
색이 다른 나무토막 8개를 쌓았는데 그중에서 파란색 나무토막은 아래에서 일곱째에 놓여 있습니다. 파란색 나무토막은 위에서 몇째에 놓여 있을까요?,8 - 7 + 1,색이 다른 나name0토막 number0개를 쌓았는데 그중에서 name1 나name2토막은 아래에서 number1째에 놓여 있습니다. name3 나name4토막은 위에서 몇째에 놓여 있을까요?,number0 - number1 + 1,8 7 ,파란색 무 ,2,"1: -번째 키워드 포함, 1을 항상 더해줌"
동물 인형 9개를 한 줄로 놓았는데 그중에서 토끼 인형은 뒤에서 다섯째에 있습니다. 토끼 인형은 앞에서 몇째에 있는지 구하세요,9 - 5 + 1,동물 인형 number0개를 한 줄로 놓았는데 그중에서 토끼 인형은 뒤에서 number1째에 있습니다. 토끼 인형은 앞에서 몇째에 있는지 구하세요,number0 - number1 + 1,9 5 ,,5,"1: -번째 키워드 포함, 1을 항상 더해줌"
"남준이네 모둠 학생 9명이 한 줄로 서 있습니다. 남준이는 다섯째, 민영이는 아홉째에 서 있다면 남준이와 민영이 사이에는 몇 명이 서 있을까요?",9 - 5 - 1,"name0이네 모둠 학생 number0명이 한 줄로 서 있습니다. name1이는 number1째, name2이는 number2째에 서 있다면 name3이와 name4이 사이에는 몇 명이 서 있을까요?",number2 - number1 - 1,9 5 9 ,민영 남준 ,3,"1: -번째 키워드 포함, 1을 항상 빼줌"
1부터 9까지의 수 카드를 9부터 순서를 거꾸로 하여 놓았습니다. 둘째와 넷째 사이에 놓인 수 카드의 수는 무엇일까요?,9 - ( 2 + 4 ) // 2 + 1,number0부터 number1까지의 수 카드를 number2부터 순서를 거꾸로 하여 놓았습니다. number3째와 number4째 사이에 놓인 수 카드의 수는 name0엇일까요?,number2 - ( number3 + number4 ) // number3 + number0,1 9 9 2 4 ,무 ,7,1: -번째 키워드 포함
"윤기와 석진이는 같은 건물에 살고 있습니다. 윤기는 7층보다 1층 위에 살고, 석진이는 윤기보다 1층 위에 살고 있습니다. 석진이는 건물의 몇 층에 살고 있을까요?",7 + 1 + 1,"name0와 name1이는 같은 건물에 살고 있습니다. name2는 number0층보다 number1층 위에 살고, name3이는 name4보다 number2층 위에 살고 있습니다. name5이는 건물의 몇 층에 살고 있을까요?",number0 + number2 + number2,7 1 1 ,윤기 석진 ,9,0
"오렌지 주스는 6병보다 1병 더 적게 있고, 포도 주스는 오렌지 주스보다 1병 더 적게 있습니다. 포도 주스는 몇 병일까요?",6 - 1 - 1,"오렌지 name0는 number0병보다 number1병 더 적게 있고, name1 name2는 오렌지 name3보다 number2병 더 적게 있습니다. name4 name5는 몇 병일까요?",number0 - number2 - number2,6 1 1 ,포도 주스 ,4,: 1을 항상 빼줌
"학생들이 한 줄로 서서 달리기를 하고 있습니다. 윤기는 앞에서 셋째, 뒤에서 셋째로 달리고 있습니다. 달리기를 하는 학생은 모두 몇 명일까요?",3 + 3 - 1,"학생들이 한 줄로 서서 달리기를 하고 있습니다. name0는 앞에서 number0째, 뒤에서 number1째로 달리고 있습니다. 달리기를 하는 학생은 모두 몇 명일까요?",number1 + number1 - 1,3 3 ,윤기 ,5,"1: -번째 키워드 포함, 1을 항상 빼줌"
"학생들이 버스를 타려고 한 줄로 서 있습니다. 태형이는 앞에서 넷째, 뒤에서 여섯째에 서 있습니다. 줄을 선 학생은 모두 몇 명입니까?",4 + 6 - 1,"학생들이 name0를 타려고 한 줄로 서 있습니다. name1이는 앞에서 number0째, 뒤에서 number1째에 서 있습니다. 줄을 선 학생은 모두 몇 명입니까?",number0 + number1 - 1,4 6 ,태형 버스 ,9,"1: -번째 키워드 포함, 1을 항상 빼줌"
"유정이는 아파트에 살고 있는데 유정이네 집은 아래에서 일곱째, 위에서 둘째 층입니다. 유정이가 살고 있는 아파트는 몇 층까지 있을까요?",7 + 2 - 1,"name0이는 아파트에 살고 있는데 name1이네 집은 아래에서 number0째, 위에서 number1째 층입니다. name2이가 살고 있는 아파트는 몇 층까지 있을까요?",number0 + number1 - 1,7 2 ,유정 ,8,"1: -번째 키워드 포함, 1을 항상 빼줌"
"9명의 학생이 한 줄로 서 있습니다. 호석이는 둘째, 은지는 일곱째에 서 있다면 호석이와 은지 사이에는 몇 명이 서 있을까요?",7 - 2 - 1,"number0명의 학생이 한 줄로 서 있습니다. name0이는 number1째, name1는 number2째에 서 있다면 name2이와 name3 사이에는 몇 명이 서 있을까요?",number2 - number1 - 1,9 2 7 ,호석 은지 ,4,"1: -번째 키워드 포함, 1을 항상 빼줌"
"태형이는 사탕 5개를 가지고 있고, 석진이는 사탕 3개를 가지고 있습니다. 민영이는 태형이보다는 적고, 석진이보다는 많은 사탕을 가지고 있습니다. 민영이가 가지고 있는 사탕은 몇 개일까요?",(5 + 3) // 2,"name0이는 name1 number0개를 가지고 있고, name2이는 name3 number1개를 가지고 있습니다. name4이는 name5이보다는 적고, name6이보다는 많은 name7을 가지고 있습니다. name8이가 가지고 있는 name9은 몇 개일까요?",(5 + 3) // 2,5 3 ,민영 태형 석진 사탕 ,4,1: 2를 항상 나눠줘야함 
"학생들이 미끄럼틀을 타려고 한 줄로 서 있는데 은지는 앞에서 셋째, 뒤에서 넷째에 있습니다. 줄을 선 학생은 모두 몇명인가요?",3 + 4 - 1,"학생들이 미끄럼틀을 타려고 한 줄로 서 있는데 name0는 앞에서 number0째, 뒤에서 number1째에 있습니다. 줄을 선 학생은 모두 몇명인가요?",number0 + number1 - 1,3 4 ,은지 ,6,"1: -번째 키워드 포함, 1을 항상 빼줌"
민영이는 장난감을 5개 가지고 있었는데 1개를 선물로 받았습니다. 민영이가 가지고 있는 장난감은 모두 몇 개 일까요?,5 + 1,name0이는 장난name1을 number0개 가지고 있었는데 number1개를 선물로 받았습니다. name2이가 가지고 있는 장난name3은 모두 몇 개 일까요?,number0 + number1,5 1 ,민영 감 ,6,0
