﻿Question,Equation,Question2,Equation2,Numbers,Names,answer,comment
색종이 89장을 학생 82명에게 똑같이 나누어주려고 합니다. 한 학생에게 최대 몇 장씩 줄 수 있는지 차례대로 쓰시오.,89 // 82,색종이 number0장을 학생 number1명에게 똑같이 나누어주려고 합니다. 한 학생에게 최대 몇 장씩 줄 수 있는지 차례대로 쓰시오.,number0 // number1,89 82 ,,1,0
우표 98장을 봉투 한 개에 97장 씩 똑같이 나누어 넣으면 우표는 몇 장 남는지 쓰시오.,98 % 97,우표 number0장을 봉투 number1개에 number2장 씩 똑같이 나누어 넣으면 우표는 몇 장 남는지 쓰시오.,number0 % number2,98 1 97 ,,1,0
83분에 82㎞를 달리는 오토바이와 79분에 64km를 달리는 자전거가 있습니다. 42분 동안 같은 속도로 달렸다면 오토바이는 자전거보다 몇㎞ 더 많이 가는 지를 쓰시오.,( 82 / 83 - 64 / 79 ) * 42,number0분에 number1㎞를 달리는 name0와 number2분에 number3km를 달리는 name1가 있습니다. number4분 동안 같은 속도로 달렸다면 name2는 name3보다 몇㎞ 더 많이 가는 지를 쓰시오.,( number1 / number0 - number3 / number2 ) * number4,83 82 79 64 42 ,오토바이 자전거 ,7.47,0
공이 한 통에 98개씩 84통 있습니다. 이 공을 64상자에 똑같이 나누어 담으려고 합니다. 한 상자에 몇 개씩 넣어야 하는지 답을 쓰시오.,98 * 84 / 64,공이 number0통에 number1개씩 number2통 있습니다. 이 공을 number3상자에 똑같이 나누어 담으려고 합니다. 한 상자에 몇 개씩 넣어야 하는지 답을 쓰시오.,number1 * number2 / number3,1 98 84 64 ,,128.62,0
"남준반의  학생 수는 79명이었다. 전학을 온 학생은 57명, 전학을 간 학생은 43명이라고 한다. 남준반 총 학생 수로 옳은 답은 어느 것입니까?",79 + 57 - 43,"name0반의  학생 수는 number0명이었다. 전학을 온 학생은 number1명, 전학을 간 학생은 number2명이라고 한다. name1반 총 학생 수로 옳은 답은 어느 것입니까?",number0 + number1 - number2,79 57 43 ,남준 ,93,0
"지민이네 반 여학생 89명은 81명씩 모둠을 만들었고, 남학생 68명은 64명씩 모둠을 만들었습니다. 만든 모둠은 모두 몇 모둠인지 쓰시오.",89 / 81 + 68 / 64,"name0이네 반 name1 number0명은 number1명씩 모둠을 만들었고, name2 number2명은 number3명씩 모둠을 만들었습니다. 만든 모둠은 모두 몇 모둠인지 쓰시오.",number0 / number1 + number2 / number3,89 81 68 64 ,지민 남학생 여학생 ,2.16,0
"남학생 82명은 69명씩 팀을 만들고, 여학생 65명은 55명씩 팀을 만들었다. 만든 팀은 모두 몇 팀인지 구해 보시오.",82 / 69 + 65 / 55,"name0 number0명은 number1명씩 팀을 만들고, name1 number2명은 number3명씩 팀을 만들었다. 만든 팀은 모두 몇 팀인지 구해 보시오.",number0 / number1 + number2 / number3,82 69 65 55 ,남학생 여학생 ,2.37,0
"5학년 97～88반 학생들이 현장체험학습을 떠났습니다. 각 반 학생들은 모두 60명씩이었고, 숙소에 도착해 보니 한 방에는 59명씩 잘 수 있었습니다. 필요한 방의 개수로 옳은 것은 어느 것입니까?",( 88 - 97 ) * 60 / 59,"number0학년 number1～number2반 학생들이 현장체험학습을 떠났습니다. 각 반 학생들은 모두 number3명씩이었고, 숙소에 도착해 보니 한 방에는 number4명씩 잘 수 있었습니다. 필요한 방의 개수로 옳은 것은 어느 것입니까?",( number2 - number1 ) * number3 / number4,5 97 88 60 59 ,,-9.15,0
"유나가 가진 끈은 99cm이고, 정국이는 길이가 84cm인 끈을 똑같이 73개로 나눈 것 중 하나를 가지고 있습니다. 유나가 가진 끈은 정국이가 가진 끈의 몇 배인지 구해 보시오.",99 / ( 84 / 73 ),"name0가 가진 끈은 number0cm이고, name1이는 길이가 number1cm인 끈을 똑같이 number2개로 나눈 것 중 number3를 가지고 있습니다. name2가 가진 끈은 name3이가 가진 끈의 몇 name4인지 구해 보시오.",number0 / ( number1 / number2 ),99 84 73 1 ,유나 정국 배 배 ,86.04,0
"4학년 학생들이 박물관으로 현장학습을 갔습니다. 우리 반은 88명 중에서 78명이 가지 않았고, 버스에는 운전기사와 선생님, 그리고 문화 해설 도우미 77명이 타셨습니다. 버스에는 모두 몇 명이 타고 있는지 쓰시오.",88 - 78 + 2 + 77,"number0학년 학생들이 name0으로 현장학습을 갔습니다. 우리 반은 number1명 중에서 number2명이 가지 않았고, name1에는 운전기사와 선생님, 그리고 문화 해설 도우미 number3명이 타셨습니다. name2에는 모두 몇 명이 타고 있는지 쓰시오.",number1 - number2 + 2 + number3,4 88 78 77 ,박물관 버스 ,89,운전기사와 선생님 : 2
 기차가 처음 역에서 89명을 태우고 출발했다. 다음 역에서 86명이 내리고 82명이 탔다면 지금 기차에 타고 있는 사람은 몇 명인지 구해 보시오.,89 - 86 + 82, name0가 처음 역에서 number0명을 태우고 출발했다. 다음 역에서 number1명이 내리고 number2명이 탔다면 지금 name1에 타고 있는 사람은 몇 명인지 구해 보시오.,number0 - number1 + number2,89 86 82 ,기차 ,85,0
지민이는 98원을 가지고 97원짜리 공책 91권과 86원짜리 연필 74개를 샀다. 남은 돈은 얼마인지 구하시오.,98 - 97 * 91 - 86 * 74,name0이는 number0원을 가지고 number1원짜리 공책 number2권과 number3원짜리 연필 number4개를 샀다. 남은 돈은 얼마인지 구하시오.,number0 - number1 * number2 - number3 * number4,98 97 91 86 74 ,지민 ,-15093,0
"조기 한 두름은 94마리입니다. 조기 85두름을 하루에 78마리씩 판다면, 며칠 동안 팔 수 있는지 옳은 것은 어느 것입니까?",94 * 85 / 78,"조기 한 두름은 number0마리입니다. 조기 number1두름을 하루에 number2마리씩 판다면, 며칠 동안 팔 수 있는지 옳은 것은 어느 것입니까?",number0 * number1 / number2,94 85 78 ,,102.44,0
필규가 사는 아파트는 89개의 동으로 나누어져 있습니다. 한 동의 가구 수가 70 가구라면 모두 몇 가구가 살고 있는지 옳게 구한 것은 어느 것입니까?,89 * 70,필규가 사는 아파트는 number0개의 동으로 나누어져 있습니다. 한 동의 가구 수가 number1 가구name0 모두 몇 가구가 살고 있는지 옳게 구한 것은 어느 것입니까?,number0 * number1,89 70 ,라면 ,6230,0
선물 포장 1개를 하는데 82㎝의 리본이 필요합니다. 만약 리본이 81㎝가 있다면 몇 개의 선물을 포장할 수 있는지 쓰시오.,82 // 81,선물 포장 number0개를 하는데 number1㎝의 리본이 필요합니다. 만약 리본이 number2㎝가 있다면 몇 개의 선물을 포장할 수 있는지 쓰시오.,number1 // number2,1 82 81 ,,1,0
정국이네 농장에서 딴 귤 92개를 한 상자에 87개씩 나누어 담고 남은 것은 다 먹었습니다. 먹은 귤은 몇 개인지 쓰시오.,92 % 87,name0이네 농장에서 딴 name1 number0개를 한 상자에 number1개씩 나누어 담고 남은 것은 다 먹었습니다. 먹은 name2은 몇 개인지 쓰시오.,number0 % number1,92 87 ,정국 귤 ,5,0
99m 철사를 한 도막에 85m가 되도록 잘랐습니다. 85m 철사를 최대 몇 도막까지 만들 수 있는지 쓰시오.( ,99 // 85,number0m 철사를 한 도막에 number1m가 되도록 잘랐습니다. number2m 철사를 최대 몇 도막까지 만들 수 있는지 쓰시오.( ,number0 // number2,99 85 85 ,,1,0
태형이네 반에서는 선생님께서 어린이날에 76원짜리 아이스크림을 학생 71명에게 한 개씩 나누어 주려고 합니다. 아이스크림 값은 모두 얼마인지 쓰시오. ,76 * 71,name0이네 반에서는 선생님께서 어린이날에 number0원짜리 아이스크림을 학생 number1명에게 number2개씩 나누어 주려고 합니다. 아이스크림 값은 모두 얼마인지 쓰시오. ,number0 * number1,76 71 1 ,태형 ,5396,0
운동화 한 켤레를 팔면 이익이 97원입니다. 운동화 87켤레를 팔면 이익은 모두 얼마인지 쓰시오.,97 * 87,운동화 한 켤레를 팔면 이익이 number0원입니다. 운동화 number1켤레를 팔면 이익은 모두 얼마인지 쓰시오.,number0 * number1,97 87 ,,8439,0
민영이는 94㎝의 끈으로 고춧대를 묶으려고 합니다. 끈을 93㎝씩 잘라서 고춧대를 묶는다면 고춧대를 몇 개까지 묶을 수 있습니까?,94 // 93,name0이는 number0㎝의 끈으로 고춧대를 묶으려고 합니다. 끈을 number1㎝씩 잘라서 고춧대를 묶는다면 고춧대를 몇 개까지 묶을 수 있습니까?,number0 // number1,94 93 ,민영 ,1,0
상자 안에 98개의 공이 있습니다. 윤기이가 80개의 공을 상자 안에 더 넣었습니다. 상자 안에 있는 공은 모두 몇 개입니까?,98 + 80,상자 안에 number0개의 공이 있습니다. name0이가 number1개의 공을 상자 안에 더 넣었습니다. 상자 안에 있는 공은 모두 몇 개입니까?,number0 + number1,98 80 ,윤기 ,178,0
90부터 89까지의 홀수의 합을 구하시오,"sum( [ i * ( i % 2 == 1 ) for i in range( 90 , 89 + 1 ) ] )",number0부터 number1까지의 홀수의 합을 구하시오,"sum( [ i * ( i % 2 == 1 ) for i in range( number0 , number1 + 1 ) ] )",90 89 ,,0,"홀수 : % 2 == 1 , range 범위 + 1"
"윤기, 은지, 남준이의 수학 점수는 각각 88점, 81점, 78점입니다. 이 셋을 제외한 학급의 수학 점수 평균은 69점입니다. 윤기이네 학급 인원수가 63명일 때, 학급 수학 평균 점수는 몇 점입니까?",( 88 + 81 + 78 + 69 * ( 63 - 3 ) ) / 63,"name0, name1, name2이의 name3 점수는 각각 number0점, number1점, number2점입니다. 이 number3을 제외한 학급의 name4 점수 평균은 number4점입니다. name5이네 학급 인원수가 number5명일 때, 학급 name6 평균 점수는 몇 점입니까?",( number0 + number1 + number2 + number4 * ( number5 - number3 ) ) / number5,88 81 78 3 69 63 ,남준 윤기 은지 수학 ,69.63,셋 : 3
93부터 76까지의 짝수의 합을 구하시오,"sum( [ i * ( i % 2 == 0 ) for i in range( 93 , 76 + 1 ) ] )",number0부터 number1까지의 짝수의 합을 구하시오,"sum( [ i * ( i % 2 == 0 ) for i in range( number0 , number1 + 1 ) ] )",93 76 ,,0,"짝수 : % 2 == 0 , range 범위 + 1"
96부터 93까지의 수 중 79의 배수의 합을 구하시오,"sum( [ i * ( i % 79 == 0 ) for i in range( 96 , 93 + 1 ) ] )",number0부터 number1까지의 수 중 number2의 name0수의 합을 구하시오,"sum( [ i * ( i % number2 == 0 ) for i in range( number0 , number1 + 1 ) ] )",96 93 79 ,배 배 ,0,"배수확인 0, range 범위 +1"
20명의 학생들이 한 줄로 줄을 섰습니다. 윤기의 앞에 11명의 학생들이 서 있습니다. 윤기의 뒤에 서 있는 학생은 몇 명입니까?,20 - 11 + 1,number0명의 학생들이 한 줄로 줄을 섰습니다. name0의 앞에 number1명의 학생들이 서 있습니다. name1의 뒤에 서 있는 학생은 몇 명입니까?,number0 - number1 + 1,20 11 ,윤기 ,10,자신 포함 +1
"달리기 시합에서 남준이는 2등을 했고, 윤기는 4등을 했습니다. 호석이는 윤기보다 잘했지만 남준이보다는 못했습니다. 호석이의 등수는 몇 등입니까?","range( min( 2 , 4 ) + 1 , max( 2 , 4 ) ) [0]","달리기 시합에서 name0이는 number0등을 했고, name1는 number1등을 했습니다. name2이는 name3보다 잘했지만 name4이보다는 못했습니다. name5이의 등수는 몇 등입니까?","range( min( number0 , number1 ) + 1 , max( number0 , number1 ) ) [0]",2 4 ,남준 윤기 호석 ,3,0
키가 작은 사람부터 순서대로 9명이 한 줄로 서 있습니다. 호석이가 앞에서부터 5번째에 서 있습니다. 키가 큰 사람부터 순서대로 다시 줄을 서면 호석이는 앞에서부터 몇 번째에 서게 됩니까?,9 - 5 + 1,키가 작은 사람부터 순서대로 number0명이 한 줄로 서 있습니다. name0이가 앞에서부터 number1번째에 서 있습니다. 키가 큰 사람부터 순서대로 다시 줄을 서면 name1이는 앞에서부터 몇 번째에 서게 됩니까?,number0 - number1 + 1,9 5 ,호석 ,5,자신 포함 +1
"남준, 유나, 지민, 은지, 태형, 민영의 6명 중 3명을 의자에 앉히려고 할 때, 남준가 반드시 앉게 되는 방법의 수를 구하여라.","math.comb( 6 - 1 , 3 - 1 )","name0, name1, name2, name3, name4, name5의 number0명 중 number1명을 의자에 앉히려고 할 때, name6가 반드시 앉게 되는 방법의 수를 구하여라.","math.comb( number0 - 1 , number1 - 1 )",6 3 ,민영 유나 태형 남준 지민 은지 ,10,반드시 앉는 -1
"어느 축구 대회에 10개 팀이 참가하였다. 이 대회에서 1등, 2등, 3등을 뽑아 상을 주려고 할 때, 상을 받는 모든 경우의 수를 구하여라.",math.factorial( 10 ) / math.factorial( 10 - 3 ),"어느 축구 대회에 number0개 팀이 참가하였다. 이 대회에서 number1등, number2등, number3등을 뽑아 상을 주려고 할 때, 상을 받는 모든 경우의 수를 구하여라.",math.factorial( number0 ) / math.factorial( number0 - number3 ),10 1 2 3 ,,720,3등까지 : 3
" A, B, C, D의 네 팀이 축구 시합을 한다. 어느 팀과도 한 번씩 시합을 한다고 할 때, 모두 몇 번의 시합이 있겠는가?","math.comb( 4 , 2 )"," name0, name1, name2, name3의 네 팀이 축구 시합을 한다. 어느 팀과도 한 번씩 시합을 한다고 할 때, 모두 몇 번의 시합이 있겠는가?","math.comb( 4 , 2 )",,A B C D ,6,네 팀 : 4
83명의 테니스 선수 중 79명을 뽑아 만들 수 있는 조의 개수는?,"math.comb( 83 , 79 )",number0명의 테니스 선수 중 number1명을 뽑아 만들 수 있는 조의 개수는?,"math.comb( number0 , number1 )",83 79 ,,1837620,0
"윤기이네 학교에서 학생회장과 부회장을 선출하려고 하는데 민영, 은지, 호석, 정국 네 명의 후보가 나왔다. 이 중에서 회장 1명, 부회장 1명을 뽑는 경우의 수는?",math.factorial( 4 ) / math.factorial( 2 ),"name0이네 학교에서 학생회장과 부회장을 선출하려고 하는데 name1, name2, name3, name4 number0명의 후보가 나왔다. 이 중에서 회장 number1명, 부회장 number2명을 뽑는 경우의 수는?",math.factorial( number0 ) / math.factorial( 2 ),4 1 1 ,민영 정국 윤기 호석 은지 ,12,"네 명 : 4, 회장+ 부회장 : 2"
"0, 1, 2, 3, ... , 9의 숫자가 각각 적힌 10장의 카드에서 2장을 뽑아 두 자리의 정수를 만들 때, 만들 수 있는 수의 경우의 수는?",( math.factorial( 10 ) - math.factorial( 10 - 1 ) ) / math.factorial( 10 - 2 ),"number0, number1, number2, number3, ... , number4의 숫자가 각각 적힌 number5장의 카드에서 number6장을 뽑아 number7자리의 정수를 만들 때, 만들 수 있는 수의 경우의 수는?",( math.factorial( number5 ) - math.factorial( number5 - number1 ) ) / math.factorial( number5 - number7 ),0 1 2 3 9 10 2 2 ,,81,"두 자리 : 2, 0 제외 : -1"
"1에서 84까지 숫자가 각각 적힌 카드 84장 중에서 한 장의 카드를 뽑을 때, 68의 배수가 나오는 경우의 수를 구하여라.",84 // 68,"number0에서 number1까지 숫자가 각각 적힌 카드 number2장 중에서 한 장의 카드를 뽑을 때, number3의 name0수가 나오는 경우의 수를 구하여라.",number2 // number3,1 84 84 68 ,배 배 ,1,0
"사과, 복숭아, 배, 참외 중에서 두 가지의 과일을 골라서 사는 경우는 모두 몇 가지입니까?","math.comb( 4 , 2 )","name0, 복숭아, name1, 참외 중에서 number0가지의 과일을 골라서 사는 경우는 모두 몇 가지입니까?","math.comb( 4 , number0 )",2 ,사과 배 배 ,6,두 가지 : 2
"4개의 숫자, 7, 2, 5, 9를 한 번씩만 사용하여 네 자리수를 만들려고 합니다. 만들 수 있는 네 자리 수는 모두 몇 개입니까?",math.factorial( 4 ),"number0개의 숫자, number1, number2, number3, number4를 한 번씩만 사용하여 number5자리수를 만들려고 합니다. 만들 수 있는 number6자리 수는 모두 몇 개입니까?",math.factorial( number6 ),4 7 2 5 9 4 4 ,,24,0
"소설, 수필, 시집 중에서 두 가지만을 사려고 한다. 두 가지를 선택하는 방법의 수는?","math.comb( 3 , 2 )","소설, 수필, 시집 중에서 number0가지만을 사려고 한다. number1가지를 선택하는 방법의 수는?","math.comb( 3 , number1 )",2 2 ,,3,두 가지 : 2
"똑같은 볼펜 96자루를 석진, 유정 두 사람이 나누어 갖는 방법은 모두 몇 가지인가?(단, A, B 두 사람은 적어도 한 자루의 볼펜을 갖는다.)","math.comb( 96 - 1 , 1 )","똑같은 name0 number0자루를 name1, name2 두 사람이 나누어 갖는 방법은 모두 몇 가지인가?(단, name3, name4 두 사람은 적어도 number1자루의 name5을 갖는다.)","math.comb( number0 - number1 , number1 )",96 1 ,유정 석진 A B 볼펜 ,95,한 자루 : 1
사과 89개를 서로 다른 두 마리 원숭이에게 나누어 주려고 합니다. 원숭이는 적어도 사과 1개는 받습니다. 사과를나누어 주는 방법은 모두 몇 가지 입니까?,"math.comb( 89 - 1 , 1 )",name0 number0개를 서로 다른 number1마리 원숭이에게 나누어 주려고 합니다. 원숭이는 적어도 name1 number2개는 받습니다. name2를나누어 주는 방법은 모두 몇 가지 입니까?,"math.comb( number0 - number2 , number2 )",89 2 1 ,사과 ,88,0
"남준, 민영, 은지, 유나, 석진 5명을 한 줄로 세울 때, 유나가 맨 뒤에 서는 경우의 수는?",math.factorial( 5 - 1 ),"name0, name1, name2, name3, name4 number0명을 한 줄로 세울 때, name5가 맨 뒤에 서는 경우의 수는?",math.factorial( number0 - 1 ),5 ,민영 유나 남준 석진 은지 ,24,0
66개의 전구에 불을 켜서 신호를 보낸다면 이 전구들로 신호를 나타낼 수 있는 방법은 몇 가지인가?,2 ** 66,number0개의 전구에 불을 켜서 신호를 보낸다면 이 전구들로 신호를 나타낼 수 있는 방법은 몇 가지인가?,2 ** number0,66 ,,73786976294838206464,신호 :２
"5개의 문자 A, B, C, D, E에서 3개를 뽑아 일렬로 세울 때, B가 빠지는 경우는 모두 몇 가지인가?","math.comb( 5 - 1 , 3 ) * math.factorial( 3 )","number0개의 문자 name0, name1, name2, name3, name4에서 number1개를 뽑아 일렬로 세울 때, name5가 빠지는 경우는 모두 몇 가지인가?","math.comb( number0 - 1 , number1 ) * math.factorial( number1 )",5 3 ,A B C D E ,24,빠짐 : -1
"어느 인터넷 쇼핑몰에서 94가지 물품 중 87가지를 준다고 한다. 물품 중 87가지를 선택할 때, 선택할 수 있는 경우의 수는?","math.comb( 94 , 87 )","어느 인터number0 쇼핑몰에서 number1가지 물품 중 number2가지를 준다고 한다. 물품 중 number3가지를 선택할 때, 선택할 수 있는 경우의 수는?","math.comb( number1 , number3 )",4 94 87 87 ,,10235867928,0
"윤기네 교내 텃밭을 가꾸는데 감자, 고구마, 고추, 상추, 토마토, 가지 중에서 세 가지를 선택하여 심으려고 한다. 청오가 선택할 수 있는 경우의 수는?","math.comb( 6 , 3 )","name0네 교내 텃밭을 가꾸는데 name1자, 고구마, 고추, 상추, name2, 가지 중에서 number0가지를 선택하여 심으려고 한다. 청오가 선택할 수 있는 경우의 수는?","math.comb( 6 , number0 )",3 ,윤기 감 토마토 ,20,0
"사과, 배, 귤, 밤, 대추가 각각 한 개씩 있다. 두 사람에게 한 개씩 나누어 주는 방법은 모두 몇 가지인가?","math.comb( 5 , 1 ) * math.comb( 4 , 1 )","name0, name1, name2, 밤, 대추가 각각 number0개씩 있다. 두 사람에게 number1개씩 나누어 주는 방법은 모두 몇 가지인가?","math.comb( 5 , number1 ) * math.comb( 4 , number1 )",1 1 ,사과 배 귤 배 ,20,0
"사과, 배, 귤, 밤, 대추가 각각 한 개씩 있다. 두 사람에게 두 개씩 나누어 주는 방법은 모두 몇 가지인가?","math.comb( 5 , 2 ) * math.comb( 3 , 2 )","name0, name1, name2, 밤, 대추가 각각 number0개씩 있다. 두 사람에게 number1개씩 나누어 주는 방법은 모두 몇 가지인가?","math.comb( 5 , number1 ) * math.comb( 3 , number1 )",1 2 ,사과 배 귤 배 ,30,0
"87개의 사과를 두 개의 같은 바구니에 나누어 담는 방법의 수를 구하여라.(단, 적어도 각 바구니에 한 개씩은 넣는다.)",87 - 1,"number0개의 name0를 number1개의 같은 바구니에 나누어 담는 방법의 수를 구하여라.(단, 적어도 각 바구니에 number2개씩은 넣는다.)",number0 - number2,87 2 1 ,사과 ,86,한 개 : 1
" A, B, C, D, E의 다섯 팀이 서로 한 번씩 시합을 가지려면 모두 몇 번의 시합을 해야 하는가?","math.comb( 5 , 2 )"," name0, name1, name2, name3, name4의 number0 팀이 서로 한 번씩 시합을 가지려면 모두 몇 번의 시합을 해야 하는가?","math.comb( number0 , 2 )",5 ,A B C D E ,10,"다섯 : 5, 시합 :２"
"유나네 교내 텃밭을 가꾸는데 감자, 고구마, 고추, 상추, 토마토, 가지 중에서 세 가지를 선택하여 심으려고 한다. 유나가 선택할 수 있는 경우의 수는?","math.comb( 6 , 3 )","name0네 교내 텃밭을 가꾸는데 name1자, 고구마, 고추, 상추, name2, 가지 중에서 number0가지를 선택하여 심으려고 한다. name3가 선택할 수 있는 경우의 수는?","math.comb( 6 , number0 )",3 ,유나 감 토마토 ,20,세 가지 : 3
4개의 농구팀이 있다. 각 팀과 한 번씩 경기를 갖는 다면 시합은 몇 번 해야 하는가?,"math.comb( 4 , 2 )",number0개의 농구팀이 있다. 각 팀과 한 번씩 경기를 갖는 다면 시합은 몇 번 해야 하는가?,"math.comb( number0 , 2 )",4 ,,6,경기 : 2
어떤 모임의 회원은 모두 6명이다. 각각의 회원이 다른 회원들과 한 번씩만 악수를 한다면 악수를 하는 횟수는?,"math.comb( 6 , 2 )",어떤 모임의 회원은 모두 number0명이다. 각각의 회원이 다른 회원들과 한 번씩만 악수를 한다면 악수를 하는 횟수는?,"math.comb( number0 , 2 )",6 ,,15,악수 : 2
"어느 인터넷 쇼핑몰에서 10만원 이상을 구입한 고객에게 사은품으로 6가지 물품 중 2가지를 준다고 한다. 물품 중 2가지를 선택할 때, 선택할 수 있는 경우의 수는?","math.comb( 6 , 2 )","어느 인터number0 쇼핑몰에서 number1만원 이상을 구입한 고객에게 사은품으로 number2가지 물품 중 number3가지를 준다고 한다. 물품 중 number4가지를 선택할 때, 선택할 수 있는 경우의 수는?","math.comb( number2 , number4 )",4 10 6 2 2 ,,15,0
"빨강, 주황, 노랑, 초록, 파랑의 5가지 색 중에서 3가지의 색을 뽑는 경우의 수는?","math.comb( 5 , 3 )","빨강, 주황, 노랑, 초록, 파랑의 number0가지 색 중에서 number1가지의 색을 뽑는 경우의 수는?","math.comb( number0 , number1 )",5 3 ,,10,0
"서로 다른 88권의 공책이 있다. 그 중에서 87권의 공책을 사려고 할 때, 살 수 있는 방법의 수를 구하여라.","math.comb( 88 , 87 )","서로 다른 number0권의 공책이 있다. 그 중에서 number1권의 공책을 사려고 할 때, 살 수 있는 방법의 수를 구하여라.","math.comb( number0 , number1 )",88 87 ,,88,0
11명의 학생들이 한 줄로 줄을 섰습니다. 지민이의 뒤에 3명의 학생들이 서 있습니다. 지민이의 앞에 서 있는 학생은 몇 명입니까?,11 - 3 - 1,number0명의 학생들이 한 줄로 줄을 섰습니다. name0이의 뒤에 number1명의 학생들이 서 있습니다. name1이의 앞에 서 있는 학생은 몇 명입니까?,number0 - number1 - 1,11 3 ,지민 ,7,자신 포함 : 1
키가 큰 사람부터 순서대로 4명이 한 줄로 서 있습니다. 남준이가 앞에서부터 3 번째에 서 있습니다. 키가 작은 사람부터 순서대로 다시 줄을 서면 남준이는 앞에서부터 몇 번째에 서게 됩니까?,4 + 1 - 3,키가 큰 사람부터 순서대로 number0명이 한 줄로 서 있습니다. name0이가 앞에서부터 number1 번째에 서 있습니다. 키가 작은 사람부터 순서대로 다시 줄을 서면 name1이는 앞에서부터 몇 번째에 서게 됩니까?,number0 + 1 - number1,4 3 ,남준 ,2,자신 포함 :１
정국이와 지민이가 은행에서 저금을 하기 위해 번호표를 뽑아서 기다리고 있습니다. 정국이가 가진 번호표는 374번이고 지민이가 가진 번호표는 369번입니다. 누가 먼저 저금을 할 수 있을까요?,'정국' if 374 < 369 else '지민',name0이와 name1이가 은행에서 저금을 하기 위해 번호표를 뽑아서 기다리고 있습니다. name2이가 가진 번호표는 number0번이고 name3이가 가진 번호표는 number1번입니다. 누가 먼저 저금을 할 수 있을까요?,'name0' if number0 < number1 else 'name1',374 369 ,정국 지민 ,지민,0
정국이와 지민이가 은행에서 저금을 하기 위해 번호표를 뽑아서 기다리고 있습니다. 정국이가 가진 번호표는 374번이고 지민이가 가진 번호표는 369번입니다. 누가 나중에 저금을 할 수 있을까요?,'정국' if 374 > 369 else '지민',name0이와 name1이가 은행에서 저금을 하기 위해 번호표를 뽑아서 기다리고 있습니다. name2이가 가진 번호표는 number0번이고 name3이가 가진 번호표는 number1번입니다. 누가 나중에 저금을 할 수 있을까요?,'name0' if number0 > number1 else 'name1',374 369 ,정국 지민 ,정국,0
"줄넘기를 석진이는 132번, 태형이는 304번, 남준이는 228번 했습니다. 줄넘기를 가장 많이 한 사람은 누구인지 구하세요.",'석진' if 132 > 304 and 132 > 228 else '태형' if 304 > 132 and 304 > 228 else '남준',"줄넘기를 name0이는 number0번, name1이는 number1번, name2이는 number2번 했습니다. 줄넘기를 가장 많이 한 사람은 누구인지 구하세요.",'name2' if number0 > number1 and number0 > number2 else 'name0' if number1 > number0 and number1 > number2 else 'name1',132 304 228 ,태형 남준 석진 ,태형,0
"줄넘기를 석진이는 132번, 태형이는 304번, 남준이는 228번 했습니다. 줄넘기를 가장 적게 한 사람은 누구인지 구하세요.",'석진' if 132 < 304 and 132 < 228 else '태형' if 304 < 132 and 304 < 228 else '남준',"줄넘기를 name0이는 number0번, name1이는 number1번, name2이는 number2번 했습니다. 줄넘기를 가장 적게 한 사람은 누구인지 구하세요.",'name2' if number0 < number1 and number0 < number2 else 'name0' if number1 < number0 and number1 < number2 else 'name1',132 304 228 ,태형 남준 석진 ,석진,0
"3장의 수 카드 5, 2, 8을 한 번씩만 사용하여 가장 큰 세 자리 수를 만들어 보세요","[ 100 * i[0] + 10 * i[1] + i[2] for i in [ sorted( [ 5 , 2 , 8 ] ,reverse = True ) ] ][0]","number0장의 수 카드 number1, number2, number3을 한 번씩만 사용하여 가장 큰 number4자리 수를 만들어 보세요","[ 100 * i[0] + 10 * i[1] + i[2] for i in [ sorted( [ number1 , number2 , number3 ] ,reverse = True ) ] ][0]",3 5 2 8 3 ,,852,0
"3장의 수 카드 6, 4, 7을 한 번씩만 사용하여 가장 작은 세 자리 수를 만들어 보세요.","[ 100 * i[0] + 10 * i[1] + i[2] for i in [ sorted( [ 6 , 4 , 7 ] ) ] ][0]","number0장의 수 카드 number1, number2, number3을 한 번씩만 사용하여 가장 작은 number4자리 수를 만들어 보세요.","[ 100 * i[0] + 10 * i[1] + i[2] for i in [ sorted( [ number1 , number2 , number3 ] ) ] ][0]",3 6 4 7 3 ,,467,0
"4장의 수 카드 9, 0, 5, 3 중에서 3장을 뽑아 한 번씩만 사용하여 세 자리 수를 만들려고 합니다. 가장 작은 세 자리 수는 무엇인가요?","[ 100 * i[0] + 10 * 0 + i[1] for i in [ sorted( [ 9 , 5 , 3 ] ) ] ] [0]","number0장의 수 카드 number1, number2, number3, number4 중에서 number5장을 뽑아 한 번씩만 사용하여 number6자리 수를 만들려고 합니다. 가장 작은 number7자리 수는 name0엇인가요?","[ 100 * i[0] + 10 * number2 + i[1] for i in [ sorted( [ number1 , number3 , number7 ] ) ] ] [0]",4 9 0 5 3 3 3 3 ,무 ,305,0이 포함되어있는 경우
"태형이네 학교에는 남학생이 253명, 여학생이 256명 있습니다. 남학생과 여학생 중에서 어느 학생이 더 많은지 구하세요.",'남학생' if 253 > 256 else '여학생',"name0이네 학교에는 name1이 number0명, name2이 number1명 있습니다. name3과 name4 중에서 어느 학생이 더 많name5 구하세요.",'name2' if number0 > number1 else 'name3',253 256 ,태형 은지 남학생 여학생 ,여학생,0
"태형이네 학교에는 남학생이 253명, 여학생이 256명 있습니다. 남학생과 여학생 중에서 어느 학생이 더 적은지 구하세요.",'남학생' if 253 < 256 else '여학생',"name0이네 학교에는 name1이 number0명, name2이 number1명 있습니다. name3과 name4 중에서 어느 학생이 더 적name5 구하세요.",'name2' if number0 < number1 else 'name3',253 256 ,태형 은지 남학생 여학생 ,남학생,0
"음식점에 들어가기 위해 번호표를 받아서 기다리고 있습니다. 남준이는 380번, 윤기는 374번, 호석이는 401번을 받았다면 가장 먼저 들어갈 수 있는 사람은 누구일까요?",'남준' if 380 < 374 and 380 < 401 else '윤기' if 374 < 380 and 374 < 401 else '호석',"음식점에 들어가기 위해 번호표를 받아서 기다리고 있습니다. name0이는 number0번, name1는 number1번, name2이는 number2번을 받았다면 가장 먼저 들어갈 수 있는 사람은 누구일까요?",'name0' if number0 < number1 and number0 < number2 else 'name1' if number1 < number0 and number1 < number2 else 'name2',380 374 401 ,남준 윤기 호석 ,윤기,0
"음식점에 들어가기 위해 번호표를 받아서 기다리고 있습니다. 남준이는 380번, 윤기는 374번, 호석이는 401번을 받았다면 가장 나중에 들어갈 수 있는 사람은 누구일까요?",'남준' if 380 > 374 and 380 > 401 else '윤기' if 374 > 380 and 374 > 401 else '호석',"음식점에 들어가기 위해 번호표를 받아서 기다리고 있습니다. name0이는 number0번, name1는 number1번, name2이는 number2번을 받았다면 가장 나중에 들어갈 수 있는 사람은 누구일까요?",'name0' if number0 > number1 and number0 > number2 else 'name1' if number1 > number0 and number1 > number2 else 'name2',380 374 401 ,남준 윤기 호석 ,호석,0
탁구공이 150개 들어 있는 상자에 탁구공을 10개씩 4번 넣었습니다. 상자에 들어 있는 탁구공은 모두 몇 개인지 구하세요.,150 + 10 * 4,name0이 number0개 들어 있는 상자에 name1을 number1개씩 number2번 넣었습니다. 상자에 들어 있는 name2은 모두 몇 개인지 구하세요.,number0 + number1 * number2,150 10 4 ,탁구공 ,190,0
화단에 나비가 18마리 있었습니다. 잠시 후 4마리가 더 날아왔습니다. 화단에 있는 나비는 모두 몇 마리일까요?,18 + 4,화단에 나비가 number0마리 있었습니다. 잠시 후 number1마리가 더 날아왔습니다. 화단에 있는 나비는 모두 몇 마리일까요?,number0 + number1,18 4 ,,22,0
화단에 나비가 18마리 있었습니다. 잠시 후 4마리가 다른 곳으로 날아갔습니다. 화단에 있는 나비는 모두 몇 마리일까요?,18 - 4,화단에 나비가 number0마리 있었습니다. 잠시 후 number1마리가 다른 곳으로 날아갔습니다. 화단에 있는 나비는 모두 몇 마리일까요?,number0 - number1,18 4 ,,14,0
"밭에서 윤기는 토마토를 49개, 석진이는 35개 땄습니다. 윤기와 석진이가 딴 토마토는 모두 몇 개일까요?",49 + 35,"밭에서 name0는 name1를 number0개, name2이는 number1개 땄습니다. name3와 name4이가 딴 name5는 모두 몇 개일까요?",number0 + number1,49 35 ,윤기 석진 토마토 ,84,0
동물원에 사슴이 37마리 있었습니다. 잠시 후 사슴 19마리가 더 왔습니다. 동물원에 있는 사슴은 모두 몇 마리일까요?,37 + 19,동물원에 사슴이 number0마리 있었습니다. 잠시 후 사슴 number1마리가 더 왔습니다. 동물원에 있는 사슴은 모두 몇 마리일까요?,number0 + number1,37 19 ,,56,0
"민영이의 책장에는 그림책이 75권, 위인전이 54권 꽂혀 있습니다. 민영이의 책장에 꽂혀 있는 그림책과 위인전은 모두 몇 권일까요?",75 + 54,"name0이의 책장에는 그림책이 number0권, 위인전이 number1권 꽂혀 있습니다. name1이의 책장에 꽂혀 있는 그림책과 위인전은 모두 몇 권일까요?",number0 + number1,75 54 ,민영 ,129,0
"유나는 줄넘기를 어제는 84번 하였고, 오늘은 79번 하였습니다. 유나는 어제와 오늘 줄넘기를 모두 몇 번 하였을까요?",84 + 79,"name0는 줄넘기를 어제는 number0번 하였고, 오늘은 number1번 하였습니다. name1는 어제와 오늘 줄넘기를 모두 몇 번 하였을까요?",number0 + number1,84 79 ,유나 ,163,0
"닭장에 암탉이 60마리, 수탉이 7마리 있습니다. 암탉은 수탉보다 몇 마리 더 많을까요?",abs( 60 - 7 ),"닭장에 암탉이 number0마리, 수탉이 number1마리 있습니다. 암탉은 수탉보다 몇 마리 더 많을까요?",abs( number0 - number1 ),60 7 ,,53,0
마당에 참새가 40마리 있었습니다. 잠시 후 16마리가 날아갔습니다. 마당에 남아있는 참새는 몇 마리일까요?,40 - 16,마당에 참새가 number0마리 있었습니다. 잠시 후 number1마리가 날아갔습니다. 마당에 남아있는 참새는 몇 마리일까요?,number0 - number1,40 16 ,,24,0
82보다 35 작은 수는 얼마일까요?,82 - 35,number0보다 number1 작은 수는 얼마일까요?,number0 - number1,82 35 ,,47,0
"전자 제품 가게에서 컴퓨터를 지난달에는 46대, 이번 달에는 71대 팔았습니다. 이번 달에는 지난달보다 컴퓨터를 몇 대 더 많이 팔았을까요?",abs( 46 - 71 ),"전자 제품 가게에서 컴퓨터를 지난달에는 number0대, 이번 달에는 number1대 팔았습니다. 이번 달에는 지난달보다 컴퓨터를 몇 대 더 많이 팔았을까요?",abs( number0 - number1 ),46 71 ,,25,0
냉장고에 달걀이 있었습니다. 시장에서 달걀 13개를 사왔더니 달걀이 모두 30개가 되었습니다. 처음 냉장고에 있던 달걀은 몇 개인가요?,30 - 13,냉장고에 name0이 있었습니다. 시장에서 name1 number0개를 사왔더니 name2이 모두 number1개가 되었습니다. 처음 냉장고에 있던 name3은 몇 개인가요?,number1 - number0,13 30 ,달걀 ,17,0
구슬이 24개 있었습니다. 그중에서 팔찌를 만드는 데 몇 개를 사용하였더니 9개가 남았습니다. 팔찌를 만드는 데 사용한 구슬은 몇 개인가요?,24 - 9,구슬이 number0개 있었습니다. 그중에서 팔찌를 만드는 데 몇 개를 사용하였더니 number1개가 남았습니다. 팔찌를 만드는 데 사용한 구슬은 몇 개인가요?,number0 - number1,24 9 ,,15,0
"코끼리 열차에 40명이 타고 있었습니다. 놀이공원에서 16명이 내리고, 동물원에서 9명이 탔습니다. 지금 코끼리 열차에 타고 있는 사람은 몇 명일가요?",40 - 16 + 9,"코끼리 number0차에 number1명이 타고 있었습니다. 놀이공원에서 number2명이 내리고, 동물원에서 number3명이 탔습니다. 지금 코끼리 number4차에 타고 있는 사람은 몇 명일가요?",number1 - number2 + number3,10 40 16 9 10 ,,23,0
"빨간 공이 18개, 파란 공이 23개 있습니다. 노란 공이 빨간 공과 파란 공을 합한 것보다 5개 적다면 노란 공은 몇 개일까요?",18 + 23 - 5,"빨간 공이 number0개, 파란 공이 number1개 있습니다. 노란 공이 빨간 공과 파란 공을 합한 것보다 number2개 적다면 노란 공은 몇 개일까요?",number0 + number1 - number2,18 23 5 ,,36,0
"수 카드 5, 8, 2, 4를 한 번씩 사용하여 두 자리 수를 만들려고 합니다. 만들 수 있는 수 중에서 가장 큰 수와 가장 작은 수의 합을 구하세요.","[ 100 * i[0] + 10 * i[1] + i[2] for i in [ sorted( [ 5 , 8 , 2 , 4 ] , reverse = True ) ] ] [0] + [ 100 * i[0] + 10 * i[1] + i[2] for i in [ sorted( [ 5 , 8 , 2 , 4 ] ) ] ] [0]","수 카드 number0, number1, number2, number3를 한 번씩 사용하여 number4자리 수를 만들려고 합니다. 만들 수 있는 수 중에서 가장 큰 수와 가장 작은 수의 합을 구하세요.","[ 100 * i[0] + 10 * i[1] + i[2] for i in [ sorted( [ number0 , number1 , number4 , number3 ] , reverse = True ) ] ] [0] + [ 100 * i[0] + 10 * i[1] + i[2] for i in [ sorted( [ number0 , number1 , number4 , number3 ] ) ] ] [0]",5 8 2 4 2 ,,1099,0
어떤 수에 24를 더하면 81과 같습니다. 어떤 수보다 16 큰 수는 얼마일까요?,81 - 24 + 16,어떤 수에 number0를 더하면 number1과 같습니다. 어떤 수보다 number2 큰 수는 얼마일까요?,number1 - number0 + number2,24 81 16 ,,73,0
54에 어떤 수를 더할 것을 잘못하여 뺐더니 17이 되었습니다. 바르게 계산하면 얼마일까요?,54 + ( 54 - 17 ),number0에 어떤 수를 더할 것을 잘못하여 뺐더니 number1이 되었습니다. 바르게 계산하면 얼마일까요?,number0 + ( number0 - number1 ),54 17 ,,91,0
어떤 수에 18을 더할 것을 잘못하여 뺐더니 35가 되었습니다. 바르게 계산하면 얼마일까요?,35 + 18 + 18,어떤 수에 number0을 더할 것을 잘못하여 뺐더니 number1가 되었습니다. 바르게 계산하면 얼마일까요?,number1 + number0 + number0,18 35 ,,71,0
어떤 수에서 19를 뺄 것을 잘못하여 더했더니 50이 되었습니다. 바르게 계산하면 얼마일까요?,50 - 19 - 19,어떤 수에서 number0를 뺄 것을 잘못하여 더했더니 number1이 되었습니다. 바르게 계산하면 얼마일까요?,number1 - number0 - number0,19 50 ,,12,0
"태형이네 집에 호두가 76개, 땅콩이 58개 있습니다. 호두가 땅콩보다 몇 개 더 많은 지 구하세요.",abs( 76 - 58 ),"name0이네 집에 호두가 number0개, 땅콩이 number1개 있습니다. 호두가 땅콩보다 몇 개 더 많은 지 구하세요.",abs( number0 - number1 ),76 58 ,태형 ,18,0
호석이는 체리 21개 중에서 5개를 먹었습니다. 남은 체리는 몇 개일까요?,21 - 5,name0이는 체리 number0개 중에서 number1개를 먹었습니다. 남은 체리는 몇 개일까요?,number0 - number1,21 5 ,호석 ,16,0
"버스가 28명의 사람을 태우고 출발하였습니다. 첫 번째 정류장에서 7명이 타고, 두 번째 정류장에서 18명이 내렸다면 버스에 타고 있는 사람은 몇 명일까요?",28 + 7 - 18,"name0가 number0명의 사람을 태우고 출발하였습니다. number1번째 정류장에서 number2명이 타고, number3번째 정류장에서 number4명이 내렸다면 name1에 타고 있는 사람은 몇 명일까요?",number0 + number2 - number4,28 1 7 2 18 ,버스 ,17,0
태형이는 딱지 31장을 가지고 있었습니다. 그중에서 동생에게 몇 장을 주었더니 13장이 되었습니다. 동생에게 준 딱지는 몇 장인지 구하세요.,31 - 13,name0이는 딱지 number0장을 가지고 있었습니다. 그중에서 동생에게 몇 장을 주었더니 number1장이 되었습니다. 동생에게 준 딱지는 몇 장인지 구하세요.,number0 - number1,31 13 ,태형 ,18,0
어떤 수에 18을 더할 것을 잘못하여 뺐더니 56이 되었습니다. 바르게 계산하면 얼마인지 구하세요.,56 + 18 + 18,어떤 수에 number0을 더할 것을 잘못하여 뺐더니 number1이 되었습니다. 바르게 계산하면 얼마인지 구하세요.,number1 + number0 + number0,18 56 ,,92,0
"십의 자리 숫자가 4, 일의 자리 숫자가 6인 두 자리 수보다 9 작은 수는 얼마입니까?",10 * 4 + 6 - 9,"number0자리 숫자가 number1, number2자리 숫자가 number3인 number4자리 수보다 number5 작은 수는 얼마입니까?",number0 * number1 + number3 - number5,10 4 1 6 2 9 ,,37,00자리 숫자
학급 문고에 책이 98권 있었습니다. 그중에서 학생들이 몇 권을 빌려 갔더니 학급 문고에 남아 있는 책은 29권 이었습니다. 학생들이 빌려 간 책은 몇 권인지 쓰세요.,98 - 29,학급 문고에 책이 number0권 있었습니다. 그중에서 학생들이 몇 권을 빌려 갔더니 학급 문고에 남아 있는 책은 number1권 이었습니다. 학생들이 빌려 간 책은 몇 권인지 쓰세요.,number0 - number1,98 29 ,,69,0
"8+A=54, 63-B=19일때 A+B를 구하시오.",54 - 8 + 63 - 19,"number0+name0=number1, number2-name1=number3일때 name2+name3를 구하시오.",number1 - number0 + number2 - number3,8 54 63 19 ,A B ,90,0
지민이가 책상의 짧은 쪽의 길이를 뼘으로 재었더니 3뼘이었습니다. 한 뼘의 길이가 약 11 cm라면 책상의 짧은 쪽의 길이는 약 몇 cm인가요?,3 * 11,name0이가 책상의 짧은 쪽의 길이를 뼘으로 재었더니 number0뼘이었습니다. 한 뼘의 길이가 약 number1 cmname1 책상의 짧은 쪽의 길이는 약 몇 cm인가요?,number0 * number1,3 11 ,지민 라면 ,33,0
"호석이는 사탕을 3개 가지고 있고, 민영이는 호석이의 5배를 가지고 있습니다. 민영이가 가지고 있는 사탕은 모두 몇 개일까요?",3 * 5,"name0이는 name1을 number0개 가지고 있고, name2이는 name3이의 number1name4를 가지고 있습니다. name5이가 가지고 있는 name6은 모두 몇 개일까요?",number0 * number1,3 5 ,민영 호석 사탕 배 배 ,15,0
남준이의 나이는 8살입니다. 이모의 나이는 남준이의 나이의 4배입니다. 이모의 나이는 몇 살일까요?,8 * 4,name0이의 나이는 number0살입니다. 이모의 나이는 name1이의 나이의 number1name2입니다. 이모의 나이는 몇 살일까요?,number0 * number1,8 4 ,남준 배 배 ,32,0
"색종이를 정국이는 8장씩 6묶음 가지고 있고, 유나는 5장씩 9묶음 가지고 있습니다. 정국이와 유나 중 색종이를 더 많이 가지고 있는 사람은 누구일까요?",'정국' if 8 * 6 > 5 * 9 else '유나',"색종이를 name0이는 number0장씩 number1묶음 가지고 있고, name1는 number2장씩 number3묶음 가지고 있습니다. name2이와 name3 중 색종이를 더 많이 가지고 있는 사람은 누구일까요?",'name1' if number0 * number1 > number2 * number3 else 'name0',8 6 5 9 ,유나 정국 ,정국,0
"흰색 바둑돌은 7개씩 6묶음 있고, 검은색 바둑돌은 흰색 바둑돌보다 5개 더 많이 있습니다. 검은색 바둑돌은 모두 몇 개일까요?",7 * 6 + 5,"name0 바둑돌은 number0개씩 number1묶음 있고, name1 바둑돌은 name2 바둑돌보다 number2개 더 많이 있습니다. name3 바둑돌은 모두 몇 개일까요?",number0 * number1 + number2,7 6 5 ,흰색 검은색 ,47,0
유정이네 학교 2학년 학생들을 8명씩 8줄로 세웠더니 6명이 남았습니다. 유정이네 학교 2학년 학생은 모두 몇 명일까요?,8 * 8 + 6,name0이네 학교 number0학년 학생들을 number1명씩 number2줄로 세웠더니 number3명이 남았습니다. name1이네 학교 number4학년 학생은 모두 몇 명일까요?,number1 * number2 + number3,2 8 8 6 2 ,유정 ,70,0
태형이는 연필을 9자루씩 5묶음 가지고 있습니다. 그중에서 형에게 12자루를 주었다면 남은 연필은 몇 자루일까요?,9 * 5 - 12,name0이는 연필을 number0자루씩 number1묶음 가지고 있습니다. 그중에서 형에게 number2자루를 주었다면 남은 연필은 몇 자루일까요?,number0 * number1 - number2,9 5 12 ,태형 ,33,0
귤이 한 봉지에 4개씩 들어 있습니다. 9봉지에 들어 있는 귤은 모두 몇 개일까요?,4 * 9,name0이 한 봉지에 number0개씩 들어 있습니다. number1봉지에 들어 있는 name1은 모두 몇 개일까요?,number0 * number1,4 9 ,귤 ,36,0
5명이 가위바위보를 하고 있습니다. 2명은 가위를 내고 3명은 보를 냈을 때 펼친 손가락은 모두 몇 개일까요?,2 * 2 + 3 * 5,number0명이 가위바위보를 하고 있습니다. number1명은 가위를 내고 number2명은 보를 냈을 때 펼친 손가락은 모두 몇 개일까요?,number1 * number1 + number2 * number0,5 2 3 ,,19,가위바위보
연필 5자루와 지우개 3자루가 있습니다. 연필과 지우개를 하나씩 고르는 방법은 모두 몇 가지일까요?,5 * 3,연필 number0자루와 지우개 number1자루가 있습니다. 연필과 지우개를 number2씩 고르는 방법은 모두 몇 가지일까요?,number0 * number1,5 3 1 ,,15,0
"호석이는 2,500원을 가지고 있습니다. 내일부터 일주일동안 하루에 100원씩 계속 저금한다면 호석이가 가진 돈은 얼마가 되는지 구하세요.",2500 + 7 * 100,"name0이는 number0,number1원을 가지고 있습니다. 내일부터 일주일동안 하루에 number2원씩 계속 저금한다면 name1이가 가진 돈은 얼마가 되는지 구하세요.",2500 + 7 * number2,2 500 100 ,호석 ,3200,일주일
"민영이의 돼지 저금통에는 천 원짜리 지폐 5장, 백 원짜리 동전 6개, 십 원짜리 동전 15개가 들어 있습니다. 민영이의 돼지 저금통에 들어 있는 돈은 모두 얼마일까요?",1000 * 5 + 100 * 6 + 10 * 15,"name0이의 돼지 저금통에는 천 원짜리 지폐 number0장, 백 원짜리 동전 number1개, 십 원짜리 동전 number2개가 들어 있습니다. name1이의 돼지 저금통에 들어 있는 돈은 모두 얼마일까요?",1000 * number0 + 100 * number1 + 10 * number2,5 6 15 ,민영 ,5750,0
"학생들이 운동장에 한 줄로 서 있습니다. 정국이는 4번째, 민영이는 7번째에 서 있습니다. 정국이와 민영이 사이에는 몇 명이 서 있을까요?",7 - 4 - 1,"학생들이 운동장에 한 줄로 서 있습니다. name0이는 number0번째, name1이는 number1번째에 서 있습니다. name2이와 name3이 사이에는 몇 명이 서 있을까요?",number1 - number0 - 1,4 7 ,민영 정국 ,2,0
상자 안에 40개의 공이 있습니다. 남준이가 55개의 공을 상자 안에 더 넣었습니다. 상자 안에 있는 공은 모두 몇 개입니까?,40 + 55,상자 안에 number0개의 공이 있습니다. name0이가 number1개의 공을 상자 안에 더 넣었습니다. 상자 안에 있는 공은 모두 몇 개입니까?,number0 + number1,40 55 ,남준 ,95,0
상자 안에 75개의 공이 있습니다. 유정이가 65개의 공을 상자 안에서 뼀습니다. 상자 안에 있는 공은 모두 몇 개입니까?,75 - 65,상자 안에 number0개의 공이 있습니다. name0이가 number1개의 공을 상자 안에서 뼀습니다. 상자 안에 있는 공은 모두 몇 개입니까?,number0 - number1,75 65 ,유정 ,10,0
279부터 338까지의 홀수의 합을 구하시오,"sum( [ i for i in range ( 279 , 338 + 1 ) if i % 2 != 0 ] )",number0부터 number1까지의 홀수의 합을 구하시오,"sum( [ i for i in range ( number0 , number1 + 1 ) if i % 2 != 0 ] )",279 338 ,,9240,1 (홀짝에 따라 x%2!=0 x%2==0 상수)
182부터 223까지의 짝수의 합을 구하시오,"sum( [ i for i in range( 182 , 223 + 1 ) if i % 2 == 0])",number0부터 number1까지의 짝수의 합을 구하시오,"sum( [ i for i in range( number0 , number1 + 1 ) if i % 2 == 0])",182 223 ,,4242,1 (홀짝에 따라 x%2!=0 x%2==0 상수)
한 상자에는 감이 96개 들어있습니다. 90개의 상자 안에 있는 감은 모두 몇 개일까요?,96 * 90,한 상자에는 name0이 number0개 들어있습니다. number1개의 상자 안에 있는 name1은 모두 몇 개일까요?,number0 * number1,96 90 ,감 ,8640,0
한 바구니에는 바나나가 97개 들어있습니다. 66개의 바구니 안에 있는 바나나는 모두 몇 개일까요?,97 * 66,한 바구니에는 바나나가 number0개 들어있습니다. number1개의 바구니 안에 있는 바나나는 모두 몇 개일까요?,number0 * number1,97 66 ,,6402,0
하나의 마트에는 사과가 11개 있습니다. 88개의 마트에 있는 사과는 모두 몇 개일까요?,11 * 88,number0의 마트에는 name0가 number1개 있습니다. number2개의 마트에 있는 name1는 모두 몇 개일까요?,number1 * number2,1 11 88 ,사과 ,968,0
하나의 학교에 배 44를 보냈습니다. 83개의 학교에 보낸 배는 모두 몇 개일까요?,44 * 83,number0의 학교에 name0 number1를 보냈습니다. number2개의 학교에 보낸 name1는 모두 몇 개일까요?,number1 * number2,1 44 83 ,배 배 ,3652,0
한 봉지에는 귤이 43개 들어있습니다. 61개의 봉지 안에 있는 귤은 모두 몇 개일까요?,43 * 61,한 봉지에는 name0이 number0개 들어있습니다. number1개의 봉지 안에 있는 name1은 모두 몇 개일까요?,number0 * number1,43 61 ,귤 ,2623,0
상자 하나 당 파인애플이 27개 넣었습니다. 69개의 상자 속에 있는 파인애플은 모두 몇 개일까요?,27 * 69,상자 number0 당 파인애플이 number1개 넣었습니다. number2개의 상자 속에 있는 파인애플은 모두 몇 개일까요?,number1 * number2,1 27 69 ,,1863,0
하나의 카트에는 토마토가 88개 들어있습니다. 47개의 카트 안에 있는 토마토는 모두 몇 개일까요?,88 * 47,number0의 카트에는 name0가 number1개 들어있습니다. number2개의 카트 안에 있는 name1는 모두 몇 개일까요?,number1 * number2,1 88 47 ,토마토 ,4136,0
한 상자에는 오이가 71개 들어있습니다. 80개의 상자 안에 있는 오이는 모두 몇 개일까요?,71 * 80,한 상자에는 name0가 number0개 들어있습니다. number1개의 상자 안에 있는 name1는 모두 몇 개일까요?,number0 * number1,71 80 ,오이 ,5680,0
밭에는 무가 25개 심어져 있습니다. 11개의 밭에 있는 무는 모두 몇 개일까요?,25 * 11,밭에는 name0가 number0개 심어져 있습니다. number1개의 밭에 있는 name1는 모두 몇 개일까요?,number0 * number1,25 11 ,무 ,275,0
한 상자에는 배추가 71개 들어있습니다. 9개의 상자 안에 있는 배추는 모두 몇 개일까요?,71 * 9,한 상자에는 name0추가 number0개 들어있습니다. number1개의 상자 안에 있는 name1추는 모두 몇 개일까요?,number0 * number1,71 9 ,배 배추 배 ,639,0
토끼 한 마리 당 당근이 6개 먹을 수 있습니다. 10마리의 토끼는 몇 개의 당근을 먹을 수 있을까요?,6 * 10,토끼 number0마리 당 name0이 number1개 먹을 수 있습니다. number2마리의 토끼는 몇 개의 name1을 먹을 수 있을까요?,number1 * number2,1 6 10 ,당근 ,60,0
한 상자에는 블루베리가 18개 들어있습니다. 53개의 상자 안에 있는 블루베리는 모두 몇 개일까요?,18 * 53,한 상자에는 블루베리가 number0개 들어있습니다. number1개의 상자 안에 있는 블루베리는 모두 몇 개일까요?,number0 * number1,18 53 ,,954,0
한 상자에는 감이 70개 들어있습니다. 94개의 상자 안에 있는 감은 모두 몇 개일까요?,70 * 94,한 상자에는 name0이 number0개 들어있습니다. number1개의 상자 안에 있는 name1은 모두 몇 개일까요?,number0 * number1,70 94 ,감 ,6580,0
김치 하나를 만들려면 배추 8개가 필요합니다. 10개의 김치를 만들려면 몇 개의 배추가 필요한가요?,8 * 10,김치 number0를 만들려면 name0추 number1개가 필요합니다. number2개의 김치를 만들려면 몇 개의 name1추가 필요한가요?,number1 * number2,1 8 10 ,배 배추 배 ,80,0
원숭이 한 마리는 14개의 바나나를 먹습니다. 31 마리의 원숭이는 몇 개의 바나나를 먹습니까?,14 * 31,원숭이 number0마리는 number1개의 바나나를 먹습니다. number2 마리의 원숭이는 몇 개의 바나나를 먹습니까?,number1 * number2,1 14 31 ,,434,0
가방에는 김밥이 19개 들어있습니다. 64개의 가방 안에 있는 김밥은 모두 몇 개일까요?,19 * 64,가방에는 name0이 number0개 들어있습니다. number1개의 가방 안에 있는 name1은 모두 몇 개일까요?,number0 * number1,19 64 ,김밥 ,1216,0
한 학교에 빵 28개를 준다고 할 때. 90개 학교에 빵을 나눠주려면 몇 개의 빵이 필요한가?,28 * 90,한 학교에 name0 number0개를 준다고 할 때. number1개 학교에 name1을 나눠주려면 몇 개의 name2이 필요한가?,number0 * number1,28 90 ,빵 ,2520,0
한 상자에는 라면이 87개 들어있습니다. 66개의 상자 안에 있는 라면은 모두 몇 개일까요?,87 * 66,한 상자에는 name0이 number0개 들어있습니다. number1개의 상자 안에 있는 name1은 모두 몇 개일까요?,number0 * number1,87 66 ,라면 ,5742,0
